time,state,altitude_m,rotation_x_deg,rotation_y_deg,gyro_x_deg_s,gyro_y_deg_s,gyro_z_deg_s,roll_rate_deg_s,control_allowed,fin_command
1782241191.8559122,IDLE,-0.06,-2.046270177824905,-84.69679229716202,-4.469070802020421,0.40107045659157625,0.2291831180523293,0.2291831180523293,False,0.0
1782241191.8666258,IDLE,-0.06,-2.046270177824905,-84.69679229716202,-4.469070802020421,0.40107045659157625,0.2291831180523293,0.2291831180523293,False,0.0
1782241191.8773422,IDLE,-0.06,-1.9112169406717283,-84.67964803400415,-4.411775022507339,0.40107045659157625,0.17188733853924698,0.17188733853924698,False,0.0
1782241191.887778,IDLE,-0.06,-1.9112169406717283,-84.67964803400415,-4.411775022507339,0.40107045659157625,0.17188733853924698,0.17188733853924698,False,0.0
1782241191.898468,IDLE,-0.06,-1.9112169406717283,-84.67964803400415,-4.411775022507339,0.40107045659157625,0.17188733853924698,0.17188733853924698,False,0.0
1782241191.909226,IDLE,-0.06,-1.9112169406717283,-84.67964803400415,-4.411775022507339,0.40107045659157625,0.17188733853924698,0.17188733853924698,False,0.0
1782241191.9196124,IDLE,-0.06,-1.9112169406717283,-84.67964803400415,-4.411775022507339,0.40107045659157625,0.17188733853924698,0.17188733853924698,False,0.0
1782241191.9301336,IDLE,-0.08,-1.8863593435829542,-84.47784714405236,-4.411775022507339,0.40107045659157625,0.2864788975654116,0.2864788975654116,False,0.0
1782241191.9407728,IDLE,-0.08,-1.8863593435829542,-84.47784714405236,-4.411775022507339,0.40107045659157625,0.2864788975654116,0.2864788975654116,False,0.0
1782241191.9511654,IDLE,-0.08,-1.8863593435829542,-84.47784714405236,-4.411775022507339,0.40107045659157625,0.2864788975654116,0.2864788975654116,False,0.0
1782241191.9614284,IDLE,-0.08,-1.8863593435829542,-84.47784714405236,-4.411775022507339,0.40107045659157625,0.2864788975654116,0.2864788975654116,False,0.0
1782241191.9721994,IDLE,-0.08,-1.8863593435829542,-84.47784714405236,-4.411775022507339,0.40107045659157625,0.2864788975654116,0.2864788975654116,False,0.0
1782241191.9830267,IDLE,-0.08,-1.8595346882836485,-84.48456342755411,-4.469070802020421,0.40107045659157625,0.2864788975654116,0.2864788975654116,False,0.0
1782241191.9933288,IDLE,-0.08,-1.8595346882836485,-84.48456342755411,-4.469070802020421,0.40107045659157625,0.2864788975654116,0.2864788975654116,False,0.0
1782241192.003884,IDLE,-0.08,-1.8595346882836485,-84.48456342755411,-4.469070802020421,0.40107045659157625,0.2864788975654116,0.2864788975654116,False,0.0
1782241192.0145042,IDLE,-0.08,-1.8595346882836485,-84.48456342755411,-4.469070802020421,0.40107045659157625,0.2864788975654116,0.2864788975654116,False,0.0
1782241192.025248,IDLE,-0.08,-1.8595346882836485,-84.48456342755411,-4.469070802020421,0.40107045659157625,0.2864788975654116,0.2864788975654116,False,0.0
1782241192.0357654,IDLE,-0.09,-1.7838274912956995,-84.58326270166476,-4.297183463481174,0.4583662361046586,0.2291831180523293,0.2291831180523293,False,0.0
1782241192.0463464,IDLE,-0.09,-1.7838274912956995,-84.58326270166476,-4.297183463481174,0.4583662361046586,0.2291831180523293,0.2291831180523293,False,0.0
1782241192.056994,IDLE,-0.09,-1.7838274912956995,-84.58326270166476,-4.297183463481174,0.4583662361046586,0.2291831180523293,0.2291831180523293,False,0.0
1782241192.0677822,IDLE,-0.09,-1.7838274912956995,-84.58326270166476,-4.297183463481174,0.4583662361046586,0.2291831180523293,0.2291831180523293,False,0.0
1782241192.078506,IDLE,-0.09,-2.0218624128826317,-84.57476656389291,-4.411775022507339,0.40107045659157625,0.2291831180523293,0.2291831180523293,False,0.0
1782241192.0890121,IDLE,-0.09,-2.0218624128826317,-84.57476656389291,-4.411775022507339,0.40107045659157625,0.2291831180523293,0.2291831180523293,False,0.0
1782241192.0995984,IDLE,-0.09,-2.0218624128826317,-84.57476656389291,-4.411775022507339,0.40107045659157625,0.2291831180523293,0.2291831180523293,False,0.0
1782241192.1103828,IDLE,-0.09,-2.0218624128826317,-84.57476656389291,-4.411775022507339,0.40107045659157625,0.2291831180523293,0.2291831180523293,False,0.0
1782241192.120904,IDLE,-0.09,-2.0218624128826317,-84.57476656389291,-4.411775022507339,0.40107045659157625,0.2291831180523293,0.2291831180523293,False,0.0
1782241192.1319063,IDLE,-0.11,-2.0691889840879636,-84.61437469972226,-4.469070802020421,0.40107045659157625,0.2291831180523293,0.2291831180523293,False,0.0
1782241192.1426363,IDLE,-0.11,-2.0691889840879636,-84.61437469972226,-4.469070802020421,0.40107045659157625,0.2291831180523293,0.2291831180523293,False,0.0
1782241192.1531782,IDLE,-0.11,-2.0691889840879636,-84.61437469972226,-4.469070802020421,0.40107045659157625,0.2291831180523293,0.2291831180523293,False,0.0
1782241192.164028,IDLE,-0.11,-2.0691889840879636,-84.61437469972226,-4.469070802020421,0.40107045659157625,0.2291831180523293,0.2291831180523293,False,0.0
1782241192.1744814,IDLE,-0.11,-2.0691889840879636,-84.61437469972226,-4.469070802020421,0.40107045659157625,0.2291831180523293,0.2291831180523293,False,0.0
1782241192.1849606,IDLE,-0.11,-1.9125865520297542,-84.52486902229032,-4.469070802020421,0.4583662361046586,0.2864788975654116,0.2864788975654116,False,0.0
1782241192.1953561,IDLE,-0.11,-1.9125865520297542,-84.52486902229032,-4.469070802020421,0.4583662361046586,0.2864788975654116,0.2864788975654116,False,0.0
1782241192.2060757,IDLE,-0.11,-1.9125865520297542,-84.52486902229032,-4.469070802020421,0.4583662361046586,0.2864788975654116,0.2864788975654116,False,0.0
1782241192.2169929,IDLE,-0.11,-1.9125865520297542,-84.52486902229032,-4.469070802020421,0.4583662361046586,0.2864788975654116,0.2864788975654116,False,0.0
1782241192.2275777,IDLE,-0.11,-1.963302028894084,-84.47886830784455,-4.469070802020421,0.40107045659157625,0.2864788975654116,0.2864788975654116,False,0.0
1782241192.238223,IDLE,-0.1,-1.963302028894084,-84.47886830784455,-4.469070802020421,0.40107045659157625,0.2864788975654116,0.2864788975654116,False,0.0
1782241192.2489882,IDLE,-0.1,-1.963302028894084,-84.47886830784455,-4.469070802020421,0.40107045659157625,0.2864788975654116,0.2864788975654116,False,0.0
1782241192.259487,IDLE,-0.1,-1.963302028894084,-84.47886830784455,-4.469070802020421,0.40107045659157625,0.2864788975654116,0.2864788975654116,False,0.0
1782241192.2701335,IDLE,-0.1,-1.963302028894084,-84.47886830784455,-4.469070802020421,0.40107045659157625,0.2864788975654116,0.2864788975654116,False,0.0
1782241192.2808332,IDLE,-0.1,-1.9412191550602136,-84.51250809230788,-4.469070802020421,0.40107045659157625,0.17188733853924698,0.17188733853924698,False,0.0
1782241192.2913008,IDLE,-0.1,-1.9412191550602136,-84.51250809230788,-4.469070802020421,0.40107045659157625,0.17188733853924698,0.17188733853924698,False,0.0
1782241192.3016503,IDLE,-0.1,-1.9412191550602136,-84.51250809230788,-4.469070802020421,0.40107045659157625,0.17188733853924698,0.17188733853924698,False,0.0
1782241192.3119218,IDLE,-0.1,-1.9412191550602136,-84.51250809230788,-4.469070802020421,0.40107045659157625,0.17188733853924698,0.17188733853924698,False,0.0
1782241192.3222778,IDLE,-0.1,-1.9412191550602136,-84.51250809230788,-4.469070802020421,0.40107045659157625,0.17188733853924698,0.17188733853924698,False,0.0
1782241192.3330536,IDLE,-0.14,-1.8529841100292794,-84.58241267562994,-4.354479242994256,0.40107045659157625,0.2864788975654116,0.2864788975654116,False,0.0
1782241192.3438756,IDLE,-0.14,-1.8529841100292794,-84.58241267562994,-4.354479242994256,0.40107045659157625,0.2864788975654116,0.2864788975654116,False,0.0
1782241192.354769,IDLE,-0.14,-1.8529841100292794,-84.58241267562994,-4.354479242994256,0.40107045659157625,0.2864788975654116,0.2864788975654116,False,0.0
1782241192.3655477,IDLE,-0.14,-1.8529841100292794,-84.58241267562994,-4.354479242994256,0.40107045659157625,0.2864788975654116,0.2864788975654116,False,0.0
1782241192.3762314,IDLE,-0.14,-1.8529841100292794,-84.58241267562994,-4.354479242994256,0.40107045659157625,0.2864788975654116,0.2864788975654116,False,0.0
1782241192.3866715,IDLE,-0.14,-2.0490982650429377,-84.41564185525276,-4.469070802020421,0.40107045659157625,0.2291831180523293,0.2291831180523293,False,0.0
1782241192.3970826,IDLE,-0.14,-2.0490982650429377,-84.41564185525276,-4.469070802020421,0.40107045659157625,0.2291831180523293,0.2291831180523293,False,0.0
1782241192.407859,IDLE,-0.14,-2.0490982650429377,-84.41564185525276,-4.469070802020421,0.40107045659157625,0.2291831180523293,0.2291831180523293,False,0.0
1782241192.418712,IDLE,-0.14,-2.0490982650429377,-84.41564185525276,-4.469070802020421,0.40107045659157625,0.2291831180523293,0.2291831180523293,False,0.0
1782241192.429157,IDLE,-0.14,-1.940599849946569,-84.61307579241452,-4.354479242994256,0.4583662361046586,0.2291831180523293,0.2291831180523293,False,0.0
1782241192.4395707,IDLE,-0.13,-1.940599849946569,-84.61307579241452,-4.354479242994256,0.4583662361046586,0.2291831180523293,0.2291831180523293,False,0.0
1782241192.4502974,IDLE,-0.13,-1.940599849946569,-84.61307579241452,-4.354479242994256,0.4583662361046586,0.2291831180523293,0.2291831180523293,False,0.0
1782241192.4610045,IDLE,-0.13,-1.940599849946569,-84.61307579241452,-4.354479242994256,0.4583662361046586,0.2291831180523293,0.2291831180523293,False,0.0
1782241192.4712932,IDLE,-0.13,-1.940599849946569,-84.61307579241452,-4.354479242994256,0.4583662361046586,0.2291831180523293,0.2291831180523293,False,0.0
1782241192.4819264,IDLE,-0.13,-1.9157080667111066,-84.68791883183285,-4.411775022507339,0.4583662361046586,0.34377467707849396,0.34377467707849396,False,0.0
1782241192.4924777,IDLE,-0.13,-1.9157080667111066,-84.68791883183285,-4.411775022507339,0.4583662361046586,0.34377467707849396,0.34377467707849396,False,0.0
1782241192.5033357,IDLE,-0.13,-1.9157080667111066,-84.68791883183285,-4.411775022507339,0.4583662361046586,0.34377467707849396,0.34377467707849396,False,0.0
1782241192.513695,IDLE,-0.13,-1.9157080667111066,-84.68791883183285,-4.411775022507339,0.4583662361046586,0.34377467707849396,0.34377467707849396,False,0.0
1782241192.524357,IDLE,-0.13,-1.9157080667111066,-84.68791883183285,-4.411775022507339,0.4583662361046586,0.34377467707849396,0.34377467707849396,False,0.0
1782241192.5350616,IDLE,-0.15,-1.9640202579172723,-84.70004353913467,-4.411775022507339,0.4583662361046586,0.2864788975654116,0.2864788975654116,False,0.0
1782241192.5458374,IDLE,-0.15,-1.9640202579172723,-84.70004353913467,-4.411775022507339,0.4583662361046586,0.2864788975654116,0.2864788975654116,False,0.0
1782241192.5564263,IDLE,-0.15,-1.9640202579172723,-84.70004353913467,-4.411775022507339,0.4583662361046586,0.2864788975654116,0.2864788975654116,False,0.0
1782241192.5673006,IDLE,-0.15,-1.9640202579172723,-84.70004353913467,-4.411775022507339,0.4583662361046586,0.2864788975654116,0.2864788975654116,False,0.0
1782241192.5777898,IDLE,-0.15,-1.80394739674419,-84.54463482964496,-4.411775022507339,0.4583662361046586,0.2864788975654116,0.2864788975654116,False,0.0
1782241192.5885522,IDLE,-0.15,-1.80394739674419,-84.54463482964496,-4.411775022507339,0.4583662361046586,0.2864788975654116,0.2864788975654116,False,0.0
1782241192.5994582,IDLE,-0.15,-1.80394739674419,-84.54463482964496,-4.411775022507339,0.4583662361046586,0.2864788975654116,0.2864788975654116,False,0.0
1782241192.610013,IDLE,-0.15,-1.80394739674419,-84.54463482964496,-4.411775022507339,0.4583662361046586,0.2864788975654116,0.2864788975654116,False,0.0
1782241192.620886,IDLE,-0.15,-1.80394739674419,-84.54463482964496,-4.411775022507339,0.4583662361046586,0.2864788975654116,0.2864788975654116,False,0.0
1782241192.631701,IDLE,-0.13,-1.9139008153167705,-84.64615922946379,-4.411775022507339,0.40107045659157625,0.2864788975654116,0.2864788975654116,False,0.0
1782241192.642591,IDLE,-0.13,-1.9139008153167705,-84.64615922946379,-4.411775022507339,0.40107045659157625,0.2864788975654116,0.2864788975654116,False,0.0
1782241192.6534514,IDLE,-0.13,-1.9139008153167705,-84.64615922946379,-4.411775022507339,0.40107045659157625,0.2864788975654116,0.2864788975654116,False,0.0
1782241192.664164,IDLE,-0.13,-1.9139008153167705,-84.64615922946379,-4.411775022507339,0.40107045659157625,0.2864788975654116,0.2864788975654116,False,0.0
1782241192.6746814,IDLE,-0.13,-1.9139008153167705,-84.64615922946379,-4.411775022507339,0.40107045659157625,0.2864788975654116,0.2864788975654116,False,0.0
1782241192.6854155,IDLE,-0.13,-1.9405173952072434,-84.58733024645618,-4.411775022507339,0.40107045659157625,0.2864788975654116,0.2864788975654116,False,0.0
1782241192.6959724,IDLE,-0.13,-1.9405173952072434,-84.58733024645618,-4.411775022507339,0.40107045659157625,0.2864788975654116,0.2864788975654116,False,0.0
1782241192.7064767,IDLE,-0.13,-1.9405173952072434,-84.58733024645618,-4.411775022507339,0.40107045659157625,0.2864788975654116,0.2864788975654116,False,0.0
1782241192.717404,IDLE,-0.13,-1.9405173952072434,-84.58733024645618,-4.411775022507339,0.40107045659157625,0.2864788975654116,0.2864788975654116,False,0.0
1782241192.7279599,IDLE,-0.13,-2.019158125681608,-84.35904891503432,-4.411775022507339,0.4583662361046586,0.2864788975654116,0.2864788975654116,False,0.0
1782241192.738429,IDLE,-0.12,-2.019158125681608,-84.35904891503432,-4.411775022507339,0.4583662361046586,0.2864788975654116,0.2864788975654116,False,0.0
1782241192.7492561,IDLE,-0.12,-2.019158125681608,-84.35904891503432,-4.411775022507339,0.4583662361046586,0.2864788975654116,0.2864788975654116,False,0.0
1782241192.759615,IDLE,-0.12,-2.019158125681608,-84.35904891503432,-4.411775022507339,0.4583662361046586,0.2864788975654116,0.2864788975654116,False,0.0
1782241192.769964,IDLE,-0.12,-2.019158125681608,-84.35904891503432,-4.411775022507339,0.4583662361046586,0.2864788975654116,0.2864788975654116,False,0.0
1782241192.7804341,IDLE,-0.12,-1.99005126691613,-84.47165247146043,-4.354479242994256,0.4583662361046586,0.2864788975654116,0.2864788975654116,False,0.0
1782241192.7909536,IDLE,-0.12,-1.99005126691613,-84.47165247146043,-4.354479242994256,0.4583662361046586,0.2864788975654116,0.2864788975654116,False,0.0
1782241192.801594,IDLE,-0.12,-1.99005126691613,-84.47165247146043,-4.354479242994256,0.4583662361046586,0.2864788975654116,0.2864788975654116,False,0.0
1782241192.811941,IDLE,-0.12,-1.99005126691613,-84.47165247146043,-4.354479242994256,0.4583662361046586,0.2864788975654116,0.2864788975654116,False,0.0
1782241192.8222988,IDLE,-0.12,-1.99005126691613,-84.47165247146043,-4.354479242994256,0.4583662361046586,0.2864788975654116,0.2864788975654116,False,0.0
1782241192.8329473,IDLE,-0.14,-1.9605530080531712,-84.51260208029974,-4.411775022507339,0.40107045659157625,0.17188733853924698,0.17188733853924698,False,0.0
1782241192.8435147,IDLE,-0.14,-1.9605530080531712,-84.51260208029974,-4.411775022507339,0.40107045659157625,0.17188733853924698,0.17188733853924698,False,0.0
1782241192.8543935,IDLE,-0.14,-1.9605530080531712,-84.51260208029974,-4.411775022507339,0.40107045659157625,0.17188733853924698,0.17188733853924698,False,0.0
1782241192.8651164,IDLE,-0.14,-1.9605530080531712,-84.51260208029974,-4.411775022507339,0.40107045659157625,0.17188733853924698,0.17188733853924698,False,0.0
1782241192.8756788,IDLE,-0.14,-1.9605530080531712,-84.51260208029974,-4.411775022507339,0.40107045659157625,0.17188733853924698,0.17188733853924698,False,0.0
1782241192.8860776,IDLE,-0.14,-1.9413697072762741,-84.5589406561419,-4.354479242994256,0.4583662361046586,0.2291831180523293,0.2291831180523293,False,0.0
1782241192.8963661,IDLE,-0.14,-1.9413697072762741,-84.5589406561419,-4.354479242994256,0.4583662361046586,0.2291831180523293,0.2291831180523293,False,0.0
1782241192.9067674,IDLE,-0.14,-1.9413697072762741,-84.5589406561419,-4.354479242994256,0.4583662361046586,0.2291831180523293,0.2291831180523293,False,0.0
1782241192.9172003,IDLE,-0.14,-1.9413697072762741,-84.5589406561419,-4.354479242994256,0.4583662361046586,0.2291831180523293,0.2291831180523293,False,0.0
1782241192.9275994,IDLE,-0.14,-1.9932345815373662,-84.61331468233672,-4.411775022507339,0.40107045659157625,0.2864788975654116,0.2864788975654116,False,0.0
1782241192.9381943,IDLE,-0.13,-1.9932345815373662,-84.61331468233672,-4.411775022507339,0.40107045659157625,0.2864788975654116,0.2864788975654116,False,0.0
1782241192.9485052,IDLE,-0.13,-1.9932345815373662,-84.61331468233672,-4.411775022507339,0.40107045659157625,0.2864788975654116,0.2864788975654116,False,0.0
1782241192.9588814,IDLE,-0.13,-1.9932345815373662,-84.61331468233672,-4.411775022507339,0.40107045659157625,0.2864788975654116,0.2864788975654116,False,0.0
1782241192.969171,IDLE,-0.13,-1.9932345815373662,-84.61331468233672,-4.411775022507339,0.40107045659157625,0.2864788975654116,0.2864788975654116,False,0.0
1782241192.9797933,IDLE,-0.13,-1.9673105379383955,-84.59253575038895,-4.297183463481174,0.4583662361046586,0.2291831180523293,0.2291831180523293,False,0.0
1782241192.9905407,IDLE,-0.13,-1.9673105379383955,-84.59253575038895,-4.297183463481174,0.4583662361046586,0.2291831180523293,0.2291831180523293,False,0.0
1782241193.0008826,IDLE,-0.13,-1.9673105379383955,-84.59253575038895,-4.297183463481174,0.4583662361046586,0.2291831180523293,0.2291831180523293,False,0.0
1782241193.0110955,IDLE,-0.13,-1.9673105379383955,-84.59253575038895,-4.297183463481174,0.4583662361046586,0.2291831180523293,0.2291831180523293,False,0.0
1782241193.0218563,IDLE,-0.13,-1.9673105379383955,-84.59253575038895,-4.297183463481174,0.4583662361046586,0.2291831180523293,0.2291831180523293,False,0.0
1782241193.032334,IDLE,-0.12,-1.992825025501559,-84.48992180765607,-4.354479242994256,0.40107045659157625,0.2864788975654116,0.2864788975654116,False,0.0
1782241193.0425858,IDLE,-0.12,-1.992825025501559,-84.48992180765607,-4.354479242994256,0.40107045659157625,0.2864788975654116,0.2864788975654116,False,0.0
1782241193.0528696,IDLE,-0.12,-1.992825025501559,-84.48992180765607,-4.354479242994256,0.40107045659157625,0.2864788975654116,0.2864788975654116,False,0.0
1782241193.0631719,IDLE,-0.12,-1.992825025501559,-84.48992180765607,-4.354479242994256,0.40107045659157625,0.2864788975654116,0.2864788975654116,False,0.0
1782241193.0741992,IDLE,-0.12,-1.992825025501559,-84.48992180765607,-4.354479242994256,0.40107045659157625,0.2864788975654116,0.2864788975654116,False,0.0
1782241193.0847144,IDLE,-0.12,-1.9650917164271677,-84.49986454641973,-4.411775022507339,0.40107045659157625,0.17188733853924698,0.17188733853924698,False,0.0
1782241193.095571,IDLE,-0.12,-1.9650917164271677,-84.49986454641973,-4.411775022507339,0.40107045659157625,0.17188733853924698,0.17188733853924698,False,0.0
1782241193.1063573,IDLE,-0.12,-1.9650917164271677,-84.49986454641973,-4.411775022507339,0.40107045659157625,0.17188733853924698,0.17188733853924698,False,0.0
1782241193.1169717,IDLE,-0.12,-1.9650917164271677,-84.49986454641973,-4.411775022507339,0.40107045659157625,0.17188733853924698,0.17188733853924698,False,0.0
1782241193.127413,IDLE,-0.12,-1.9594037613830602,-84.6867168401575,-4.469070802020421,0.4583662361046586,0.2291831180523293,0.2291831180523293,False,0.0
1782241193.1379187,IDLE,-0.14,-1.9594037613830602,-84.6867168401575,-4.469070802020421,0.4583662361046586,0.2291831180523293,0.2291831180523293,False,0.0
1782241193.1486552,IDLE,-0.14,-1.9594037613830602,-84.6867168401575,-4.469070802020421,0.4583662361046586,0.2291831180523293,0.2291831180523293,False,0.0
1782241193.15927,IDLE,-0.14,-1.9594037613830602,-84.6867168401575,-4.469070802020421,0.4583662361046586,0.2291831180523293,0.2291831180523293,False,0.0
1782241193.169572,IDLE,-0.14,-1.9594037613830602,-84.6867168401575,-4.469070802020421,0.4583662361046586,0.2291831180523293,0.2291831180523293,False,0.0
1782241193.1798303,IDLE,-0.14,-1.966277107864685,-84.56939920857076,-4.354479242994256,0.40107045659157625,0.2864788975654116,0.2864788975654116,False,0.0
1782241193.1902215,IDLE,-0.14,-1.966277107864685,-84.56939920857076,-4.354479242994256,0.40107045659157625,0.2864788975654116,0.2864788975654116,False,0.0
1782241193.2008736,IDLE,-0.14,-1.966277107864685,-84.56939920857076,-4.354479242994256,0.40107045659157625,0.2864788975654116,0.2864788975654116,False,0.0
1782241193.211567,IDLE,-0.14,-1.966277107864685,-84.56939920857076,-4.354479242994256,0.40107045659157625,0.2864788975654116,0.2864788975654116,False,0.0
1782241193.22209,IDLE,-0.14,-1.966277107864685,-84.56939920857076,-4.354479242994256,0.40107045659157625,0.2864788975654116,0.2864788975654116,False,0.0
1782241193.2323864,IDLE,-0.13,-1.9120139493872836,-84.34879674098653,-4.411775022507339,0.40107045659157625,0.2291831180523293,0.2291831180523293,False,0.0
1782241193.2428298,IDLE,-0.13,-1.9120139493872836,-84.34879674098653,-4.411775022507339,0.40107045659157625,0.2291831180523293,0.2291831180523293,False,0.0
1782241193.2536726,IDLE,-0.13,-1.9120139493872836,-84.34879674098653,-4.411775022507339,0.40107045659157625,0.2291831180523293,0.2291831180523293,False,0.0
1782241193.2647893,IDLE,-0.13,-1.9120139493872836,-84.34879674098653,-4.411775022507339,0.40107045659157625,0.2291831180523293,0.2291831180523293,False,0.0
1782241193.275269,IDLE,-0.13,-1.9120139493872836,-84.34879674098653,-4.411775022507339,0.40107045659157625,0.2291831180523293,0.2291831180523293,False,0.0
1782241193.2855837,IDLE,-0.13,-1.9120572336599129,-84.65132948266394,-4.411775022507339,0.40107045659157625,0.2291831180523293,0.2291831180523293,False,0.0
1782241193.2960198,IDLE,-0.13,-1.9120572336599129,-84.65132948266394,-4.411775022507339,0.40107045659157625,0.2291831180523293,0.2291831180523293,False,0.0
1782241193.306457,IDLE,-0.13,-1.9120572336599129,-84.65132948266394,-4.411775022507339,0.40107045659157625,0.2291831180523293,0.2291831180523293,False,0.0
1782241193.3168771,IDLE,-0.13,-1.9120572336599129,-84.65132948266394,-4.411775022507339,0.40107045659157625,0.2291831180523293,0.2291831180523293,False,0.0
1782241193.3274045,IDLE,-0.13,-1.9641825195591638,-84.75129787674358,-4.469070802020421,0.40107045659157625,0.2864788975654116,0.2864788975654116,False,0.0
1782241193.3380485,IDLE,-0.13,-1.9641825195591638,-84.75129787674358,-4.469070802020421,0.40107045659157625,0.2864788975654116,0.2864788975654116,False,0.0
1782241193.3489716,IDLE,-0.13,-1.9641825195591638,-84.75129787674358,-4.469070802020421,0.40107045659157625,0.2864788975654116,0.2864788975654116,False,0.0
1782241193.359596,IDLE,-0.13,-1.9641825195591638,-84.75129787674358,-4.469070802020421,0.40107045659157625,0.2864788975654116,0.2864788975654116,False,0.0
1782241193.370375,IDLE,-0.13,-1.9641825195591638,-84.75129787674358,-4.469070802020421,0.40107045659157625,0.2864788975654116,0.2864788975654116,False,0.0
1782241193.3808315,IDLE,-0.13,-1.9951598119415368,-84.60809847949619,-4.411775022507339,0.40107045659157625,0.2291831180523293,0.2291831180523293,False,0.0
1782241193.3912401,IDLE,-0.13,-1.9951598119415368,-84.60809847949619,-4.411775022507339,0.40107045659157625,0.2291831180523293,0.2291831180523293,False,0.0
1782241193.4015381,IDLE,-0.13,-1.9951598119415368,-84.60809847949619,-4.411775022507339,0.40107045659157625,0.2291831180523293,0.2291831180523293,False,0.0
1782241193.4121256,IDLE,-0.13,-1.9951598119415368,-84.60809847949619,-4.411775022507339,0.40107045659157625,0.2291831180523293,0.2291831180523293,False,0.0
1782241193.4227443,IDLE,-0.13,-1.9951598119415368,-84.60809847949619,-4.411775022507339,0.40107045659157625,0.2291831180523293,0.2291831180523293,False,0.0
1782241193.4331653,IDLE,-0.14,-1.8276484753477413,-84.53255610252509,-4.469070802020421,0.40107045659157625,0.2291831180523293,0.2291831180523293,False,0.0
1782241193.4438257,IDLE,-0.14,-1.8276484753477413,-84.53255610252509,-4.469070802020421,0.40107045659157625,0.2291831180523293,0.2291831180523293,False,0.0
1782241193.454119,IDLE,-0.14,-1.8276484753477413,-84.53255610252509,-4.469070802020421,0.40107045659157625,0.2291831180523293,0.2291831180523293,False,0.0
1782241193.4650066,IDLE,-0.14,-1.8276484753477413,-84.53255610252509,-4.469070802020421,0.40107045659157625,0.2291831180523293,0.2291831180523293,False,0.0
1782241193.4758039,IDLE,-0.14,-1.8276484753477413,-84.53255610252509,-4.469070802020421,0.40107045659157625,0.2291831180523293,0.2291831180523293,False,0.0
1782241193.4866035,IDLE,-0.14,-1.9125865520297542,-84.52486902229032,-4.354479242994256,0.4583662361046586,0.2864788975654116,0.2864788975654116,False,0.0
1782241193.4972744,IDLE,-0.14,-1.9125865520297542,-84.52486902229032,-4.354479242994256,0.4583662361046586,0.2864788975654116,0.2864788975654116,False,0.0
1782241193.5076313,IDLE,-0.14,-1.9125865520297542,-84.52486902229032,-4.354479242994256,0.4583662361046586,0.2864788975654116,0.2864788975654116,False,0.0
1782241193.5182939,IDLE,-0.14,-1.9125865520297542,-84.52486902229032,-4.354479242994256,0.4583662361046586,0.2864788975654116,0.2864788975654116,False,0.0
1782241193.5289643,IDLE,-0.14,-1.9913361060384638,-84.56667801816674,-4.469070802020421,0.4583662361046586,0.17188733853924698,0.17188733853924698,False,0.0
1782241193.539648,IDLE,-0.13,-1.9913361060384638,-84.56667801816674,-4.469070802020421,0.4583662361046586,0.17188733853924698,0.17188733853924698,False,0.0
1782241193.549974,IDLE,-0.13,-1.9913361060384638,-84.56667801816674,-4.469070802020421,0.4583662361046586,0.17188733853924698,0.17188733853924698,False,0.0
1782241193.560341,IDLE,-0.13,-1.9913361060384638,-84.56667801816674,-4.469070802020421,0.4583662361046586,0.17188733853924698,0.17188733853924698,False,0.0
1782241193.5711384,IDLE,-0.13,-1.9913361060384638,-84.56667801816674,-4.469070802020421,0.4583662361046586,0.17188733853924698,0.17188733853924698,False,0.0
1782241193.5822637,IDLE,-0.13,-1.9094821532154667,-84.65855113201043,-4.297183463481174,0.40107045659157625,0.17188733853924698,0.17188733853924698,False,0.0
1782241193.592731,IDLE,-0.13,-1.9094821532154667,-84.65855113201043,-4.297183463481174,0.40107045659157625,0.17188733853924698,0.17188733853924698,False,0.0
1782241193.6034827,IDLE,-0.13,-1.9094821532154667,-84.65855113201043,-4.297183463481174,0.40107045659157625,0.17188733853924698,0.17188733853924698,False,0.0
1782241193.6143544,IDLE,-0.13,-1.9094821532154667,-84.65855113201043,-4.297183463481174,0.40107045659157625,0.17188733853924698,0.17188733853924698,False,0.0
1782241193.624755,IDLE,-0.13,-1.9094821532154667,-84.65855113201043,-4.297183463481174,0.40107045659157625,0.17188733853924698,0.17188733853924698,False,0.0
1782241193.6355255,IDLE,-0.13,-1.8845085023514965,-84.70756593436349,-4.411775022507339,0.40107045659157625,0.2864788975654116,0.2864788975654116,False,0.0
1782241193.6461349,IDLE,-0.13,-1.8845085023514965,-84.70756593436349,-4.411775022507339,0.40107045659157625,0.2864788975654116,0.2864788975654116,False,0.0
1782241193.6565957,IDLE,-0.13,-1.8845085023514965,-84.70756593436349,-4.411775022507339,0.40107045659157625,0.2864788975654116,0.2864788975654116,False,0.0
1782241193.6672223,IDLE,-0.13,-1.8845085023514965,-84.70756593436349,-4.411775022507339,0.40107045659157625,0.2864788975654116,0.2864788975654116,False,0.0
1782241193.6776805,IDLE,-0.13,-2.018398516939271,-84.65633317377376,-4.354479242994256,0.40107045659157625,0.34377467707849396,0.34377467707849396,False,0.0
1782241193.688523,IDLE,-0.13,-2.018398516939271,-84.65633317377376,-4.354479242994256,0.40107045659157625,0.34377467707849396,0.34377467707849396,False,0.0
1782241193.6989875,IDLE,-0.13,-2.018398516939271,-84.65633317377376,-4.354479242994256,0.40107045659157625,0.34377467707849396,0.34377467707849396,False,0.0
1782241193.715336,IDLE,-0.13,-2.018398516939271,-84.65633317377376,-4.354479242994256,0.40107045659157625,0.34377467707849396,0.34377467707849396,False,0.0
1782241193.751595,IDLE,-0.15,-1.860513282381398,-84.50789977279966,-4.354479242994256,0.40107045659157625,0.17188733853924698,0.17188733853924698,False,0.0
1782241193.7626963,IDLE,-0.15,-1.860513282381398,-84.50789977279966,-4.354479242994256,0.40107045659157625,0.17188733853924698,0.17188733853924698,False,0.0
1782241193.773629,IDLE,-0.15,-1.860513282381398,-84.50789977279966,-4.354479242994256,0.40107045659157625,0.17188733853924698,0.17188733853924698,False,0.0
1782241193.7841759,IDLE,-0.15,-1.721446470370127,-84.49613508097006,-4.354479242994256,0.40107045659157625,0.2291831180523293,0.2291831180523293,False,0.0
1782241193.7953064,IDLE,-0.15,-1.721446470370127,-84.49613508097006,-4.354479242994256,0.40107045659157625,0.2291831180523293,0.2291831180523293,False,0.0
1782241193.8058736,IDLE,-0.15,-1.721446470370127,-84.49613508097006,-4.354479242994256,0.40107045659157625,0.2291831180523293,0.2291831180523293,False,0.0
1782241193.8165946,IDLE,-0.15,-1.721446470370127,-84.49613508097006,-4.354479242994256,0.40107045659157625,0.2291831180523293,0.2291831180523293,False,0.0
1782241193.8269799,IDLE,-0.15,-1.721446470370127,-84.49613508097006,-4.354479242994256,0.40107045659157625,0.2291831180523293,0.2291831180523293,False,0.0
1782241193.8377728,IDLE,-0.13,-1.988849632312293,-84.40225620504413,-4.411775022507339,0.40107045659157625,0.2291831180523293,0.2291831180523293,False,0.0
1782241193.84849,IDLE,-0.13,-1.988849632312293,-84.40225620504413,-4.411775022507339,0.40107045659157625,0.2291831180523293,0.2291831180523293,False,0.0
1782241193.8589685,IDLE,-0.13,-1.988849632312293,-84.40225620504413,-4.411775022507339,0.40107045659157625,0.2291831180523293,0.2291831180523293,False,0.0
1782241193.8696737,IDLE,-0.13,-1.988849632312293,-84.40225620504413,-4.411775022507339,0.40107045659157625,0.2291831180523293,0.2291831180523293,False,0.0
1782241193.8803525,IDLE,-0.13,-1.992357230395719,-84.64156419161822,-4.411775022507339,0.4583662361046586,0.2291831180523293,0.2291831180523293,False,0.0
1782241193.8906422,IDLE,-0.13,-1.992357230395719,-84.64156419161822,-4.411775022507339,0.4583662361046586,0.2291831180523293,0.2291831180523293,False,0.0
1782241193.901462,IDLE,-0.13,-1.992357230395719,-84.64156419161822,-4.411775022507339,0.4583662361046586,0.2291831180523293,0.2291831180523293,False,0.0
1782241193.912242,IDLE,-0.13,-1.992357230395719,-84.64156419161822,-4.411775022507339,0.4583662361046586,0.2291831180523293,0.2291831180523293,False,0.0
1782241193.922571,IDLE,-0.13,-1.992357230395719,-84.64156419161822,-4.411775022507339,0.4583662361046586,0.2291831180523293,0.2291831180523293,False,0.0
1782241193.9332304,IDLE,-0.13,-1.9931501254938686,-84.5876398378037,-4.469070802020421,0.4583662361046586,0.17188733853924698,0.17188733853924698,False,0.0
1782241193.943888,IDLE,-0.15,-1.9931501254938686,-84.5876398378037,-4.469070802020421,0.4583662361046586,0.17188733853924698,0.17188733853924698,False,0.0
1782241193.954669,IDLE,-0.15,-1.9931501254938686,-84.5876398378037,-4.469070802020421,0.4583662361046586,0.17188733853924698,0.17188733853924698,False,0.0
1782241193.9656844,IDLE,-0.15,-1.9931501254938686,-84.5876398378037,-4.469070802020421,0.4583662361046586,0.17188733853924698,0.17188733853924698,False,0.0
1782241193.976067,IDLE,-0.15,-1.9931501254938686,-84.5876398378037,-4.469070802020421,0.4583662361046586,0.17188733853924698,0.17188733853924698,False,0.0
1782241193.9865024,IDLE,-0.15,-1.9167667545370153,-84.43437037600434,-4.469070802020421,0.4583662361046586,0.17188733853924698,0.17188733853924698,False,0.0
1782241193.9970899,IDLE,-0.15,-1.9167667545370153,-84.43437037600434,-4.469070802020421,0.4583662361046586,0.17188733853924698,0.17188733853924698,False,0.0
1782241194.007684,IDLE,-0.15,-1.9167667545370153,-84.43437037600434,-4.469070802020421,0.4583662361046586,0.17188733853924698,0.17188733853924698,False,0.0
1782241194.0179982,IDLE,-0.15,-1.9167667545370153,-84.43437037600434,-4.469070802020421,0.4583662361046586,0.17188733853924698,0.17188733853924698,False,0.0
1782241194.0282822,IDLE,-0.15,-1.9099744015024356,-84.57921931702252,-4.354479242994256,0.40107045659157625,0.2291831180523293,0.2291831180523293,False,0.0
1782241194.038867,IDLE,-0.12,-1.9099744015024356,-84.57921931702252,-4.354479242994256,0.40107045659157625,0.2291831180523293,0.2291831180523293,False,0.0
1782241194.0497172,IDLE,-0.12,-1.9099744015024356,-84.57921931702252,-4.354479242994256,0.40107045659157625,0.2291831180523293,0.2291831180523293,False,0.0
1782241194.0600033,IDLE,-0.12,-1.9099744015024356,-84.57921931702252,-4.354479242994256,0.40107045659157625,0.2291831180523293,0.2291831180523293,False,0.0
1782241194.070679,IDLE,-0.12,-1.9099744015024356,-84.57921931702252,-4.354479242994256,0.40107045659157625,0.2291831180523293,0.2291831180523293,False,0.0
1782241194.0817566,IDLE,-0.12,-1.9608713743628943,-84.61028034547712,-4.469070802020421,0.40107045659157625,0.40107045659157625,0.40107045659157625,False,0.0
1782241194.0922513,IDLE,-0.12,-1.9608713743628943,-84.61028034547712,-4.469070802020421,0.40107045659157625,0.40107045659157625,0.40107045659157625,False,0.0
1782241194.1030884,IDLE,-0.12,-1.9608713743628943,-84.61028034547712,-4.469070802020421,0.40107045659157625,0.40107045659157625,0.40107045659157625,False,0.0
1782241194.1137264,IDLE,-0.12,-1.9608713743628943,-84.61028034547712,-4.469070802020421,0.40107045659157625,0.40107045659157625,0.40107045659157625,False,0.0
1782241194.1244245,IDLE,-0.12,-1.9608713743628943,-84.61028034547712,-4.469070802020421,0.40107045659157625,0.40107045659157625,0.40107045659157625,False,0.0
1782241194.13503,IDLE,-0.12,-1.965328566001844,-84.57202579404353,-4.469070802020421,0.40107045659157625,0.2291831180523293,0.2291831180523293,False,0.0
1782241194.1454535,IDLE,-0.12,-1.965328566001844,-84.57202579404353,-4.469070802020421,0.40107045659157625,0.2291831180523293,0.2291831180523293,False,0.0
1782241194.1559236,IDLE,-0.12,-1.965328566001844,-84.57202579404353,-4.469070802020421,0.40107045659157625,0.2291831180523293,0.2291831180523293,False,0.0
1782241194.166702,IDLE,-0.12,-1.965328566001844,-84.57202579404353,-4.469070802020421,0.40107045659157625,0.2291831180523293,0.2291831180523293,False,0.0
1782241194.1773205,IDLE,-0.12,-1.965328566001844,-84.57202579404353,-4.469070802020421,0.40107045659157625,0.2291831180523293,0.2291831180523293,False,0.0
1782241194.1876502,IDLE,-0.12,-1.9097442680888106,-84.50697553235169,-4.297183463481174,0.4583662361046586,0.2291831180523293,0.2291831180523293,False,0.0
1782241194.198008,IDLE,-0.12,-1.9097442680888106,-84.50697553235169,-4.297183463481174,0.4583662361046586,0.2291831180523293,0.2291831180523293,False,0.0
1782241194.208506,IDLE,-0.12,-1.9097442680888106,-84.50697553235169,-4.297183463481174,0.4583662361046586,0.2291831180523293,0.2291831180523293,False,0.0
1782241194.2190492,IDLE,-0.12,-1.9097442680888106,-84.50697553235169,-4.297183463481174,0.4583662361046586,0.2291831180523293,0.2291831180523293,False,0.0
1782241194.2297425,IDLE,-0.12,-1.8875802330358882,-84.57369834641963,-4.411775022507339,0.4583662361046586,0.2291831180523293,0.2291831180523293,False,0.0
1782241194.240164,IDLE,-0.12,-1.8875802330358882,-84.57369834641963,-4.411775022507339,0.4583662361046586,0.2291831180523293,0.2291831180523293,False,0.0
1782241194.250599,IDLE,-0.12,-1.8875802330358882,-84.57369834641963,-4.411775022507339,0.4583662361046586,0.2291831180523293,0.2291831180523293,False,0.0
1782241194.26086,IDLE,-0.12,-1.8875802330358882,-84.57369834641963,-4.411775022507339,0.4583662361046586,0.2291831180523293,0.2291831180523293,False,0.0
1782241194.2717273,IDLE,-0.12,-1.8875802330358882,-84.57369834641963,-4.411775022507339,0.4583662361046586,0.2291831180523293,0.2291831180523293,False,0.0
1782241194.2823303,IDLE,-0.12,-1.9088652660968002,-84.75870799699504,-4.354479242994256,0.4583662361046586,0.2864788975654116,0.2864788975654116,False,0.0
1782241194.2930288,IDLE,-0.12,-1.9088652660968002,-84.75870799699504,-4.354479242994256,0.4583662361046586,0.2864788975654116,0.2864788975654116,False,0.0
1782241194.3033822,IDLE,-0.12,-1.9088652660968002,-84.75870799699504,-4.354479242994256,0.4583662361046586,0.2864788975654116,0.2864788975654116,False,0.0
1782241194.3139195,IDLE,-0.12,-1.9088652660968002,-84.75870799699504,-4.354479242994256,0.4583662361046586,0.2864788975654116,0.2864788975654116,False,0.0
1782241194.3242307,IDLE,-0.12,-1.9088652660968002,-84.75870799699504,-4.354479242994256,0.4583662361046586,0.2864788975654116,0.2864788975654116,False,0.0
1782241194.3348858,IDLE,-0.11,-2.0189614640734295,-84.53084934950883,-4.411775022507339,0.40107045659157625,0.17188733853924698,0.17188733853924698,False,0.0
1782241194.345219,IDLE,-0.11,-2.0189614640734295,-84.53084934950883,-4.411775022507339,0.40107045659157625,0.17188733853924698,0.17188733853924698,False,0.0
1782241194.3555057,IDLE,-0.11,-2.0189614640734295,-84.53084934950883,-4.411775022507339,0.40107045659157625,0.17188733853924698,0.17188733853924698,False,0.0
1782241194.3667164,IDLE,-0.11,-2.0189614640734295,-84.53084934950883,-4.411775022507339,0.40107045659157625,0.17188733853924698,0.17188733853924698,False,0.0
1782241194.3772764,IDLE,-0.11,-2.0189614640734295,-84.53084934950883,-4.411775022507339,0.40107045659157625,0.17188733853924698,0.17188733853924698,False,0.0
1782241194.387629,IDLE,-0.11,-1.9940271195210477,-84.55931647804084,-4.411775022507339,0.4583662361046586,0.17188733853924698,0.17188733853924698,False,0.0
1782241194.3983912,IDLE,-0.11,-1.9940271195210477,-84.55931647804084,-4.411775022507339,0.4583662361046586,0.17188733853924698,0.17188733853924698,False,0.0
1782241194.4091036,IDLE,-0.11,-1.9940271195210477,-84.55931647804084,-4.411775022507339,0.4583662361046586,0.17188733853924698,0.17188733853924698,False,0.0
1782241194.4196556,IDLE,-0.11,-1.9940271195210477,-84.55931647804084,-4.411775022507339,0.4583662361046586,0.17188733853924698,0.17188733853924698,False,0.0
1782241194.4304218,IDLE,-0.11,-1.8529045458459432,-84.55654221114743,-4.354479242994256,0.4583662361046586,0.2864788975654116,0.2864788975654116,False,0.0
1782241194.4409103,IDLE,-0.13,-1.8529045458459432,-84.55654221114743,-4.354479242994256,0.4583662361046586,0.2864788975654116,0.2864788975654116,False,0.0
1782241194.4514556,IDLE,-0.13,-1.8529045458459432,-84.55654221114743,-4.354479242994256,0.4583662361046586,0.2864788975654116,0.2864788975654116,False,0.0
1782241194.4621265,IDLE,-0.13,-1.8529045458459432,-84.55654221114743,-4.354479242994256,0.4583662361046586,0.2864788975654116,0.2864788975654116,False,0.0
1782241194.4725676,IDLE,-0.13,-1.8529045458459432,-84.55654221114743,-4.354479242994256,0.4583662361046586,0.2864788975654116,0.2864788975654116,False,0.0
1782241194.4832416,IDLE,-0.13,-1.8852744087279065,-84.6585616805988,-4.469070802020421,0.40107045659157625,0.34377467707849396,0.34377467707849396,False,0.0
1782241194.4936173,IDLE,-0.13,-1.8852744087279065,-84.6585616805988,-4.469070802020421,0.40107045659157625,0.34377467707849396,0.34377467707849396,False,0.0
1782241194.5043004,IDLE,-0.13,-1.8852744087279065,-84.6585616805988,-4.469070802020421,0.40107045659157625,0.34377467707849396,0.34377467707849396,False,0.0
1782241194.5148993,IDLE,-0.13,-1.8852744087279065,-84.6585616805988,-4.469070802020421,0.40107045659157625,0.34377467707849396,0.34377467707849396,False,0.0
1782241194.5254,IDLE,-0.13,-1.8852744087279065,-84.6585616805988,-4.469070802020421,0.40107045659157625,0.34377467707849396,0.34377467707849396,False,0.0
1782241194.5358303,IDLE,-0.12,-2.020221101809121,-84.38208846070705,-4.469070802020421,0.40107045659157625,0.17188733853924698,0.17188733853924698,False,0.0
1782241194.5464518,IDLE,-0.12,-2.020221101809121,-84.38208846070705,-4.469070802020421,0.40107045659157625,0.17188733853924698,0.17188733853924698,False,0.0
1782241194.5570552,IDLE,-0.12,-2.020221101809121,-84.38208846070705,-4.469070802020421,0.40107045659157625,0.17188733853924698,0.17188733853924698,False,0.0
1782241194.5673852,IDLE,-0.12,-2.020221101809121,-84.38208846070705,-4.469070802020421,0.40107045659157625,0.17188733853924698,0.17188733853924698,False,0.0
1782241194.5780556,IDLE,-0.12,-2.020221101809121,-84.38208846070705,-4.469070802020421,0.40107045659157625,0.17188733853924698,0.17188733853924698,False,0.0
1782241194.5884957,IDLE,-0.12,-1.960704618327873,-84.55889973246425,-4.469070802020421,0.40107045659157625,0.2291831180523293,0.2291831180523293,False,0.0
1782241194.5990236,IDLE,-0.12,-1.960704618327873,-84.55889973246425,-4.469070802020421,0.40107045659157625,0.2291831180523293,0.2291831180523293,False,0.0
1782241194.6094694,IDLE,-0.12,-1.960704618327873,-84.55889973246425,-4.469070802020421,0.40107045659157625,0.2291831180523293,0.2291831180523293,False,0.0
1782241194.6199682,IDLE,-0.12,-1.960704618327873,-84.55889973246425,-4.469070802020421,0.40107045659157625,0.2291831180523293,0.2291831180523293,False,0.0
1782241194.630514,IDLE,-0.12,-1.961898502736599,-84.63335584681184,-4.411775022507339,0.40107045659157625,0.17188733853924698,0.17188733853924698,False,0.0
1782241194.6410666,IDLE,-0.13,-1.961898502736599,-84.63335584681184,-4.411775022507339,0.40107045659157625,0.17188733853924698,0.17188733853924698,False,0.0
1782241194.6513948,IDLE,-0.13,-1.961898502736599,-84.63335584681184,-4.411775022507339,0.40107045659157625,0.17188733853924698,0.17188733853924698,False,0.0
1782241194.6617274,IDLE,-0.13,-1.961898502736599,-84.63335584681184,-4.411775022507339,0.40107045659157625,0.17188733853924698,0.17188733853924698,False,0.0
1782241194.6723206,IDLE,-0.13,-1.961898502736599,-84.63335584681184,-4.411775022507339,0.40107045659157625,0.17188733853924698,0.17188733853924698,False,0.0
1782241194.6831608,IDLE,-0.13,-1.9118137475590713,-84.57398527748629,-4.411775022507339,0.40107045659157625,0.2864788975654116,0.2864788975654116,False,0.0
1782241194.6934109,IDLE,-0.13,-1.9118137475590713,-84.57398527748629,-4.411775022507339,0.40107045659157625,0.2864788975654116,0.2864788975654116,False,0.0
1782241194.7044291,IDLE,-0.13,-1.9118137475590713,-84.57398527748629,-4.411775022507339,0.40107045659157625,0.2864788975654116,0.2864788975654116,False,0.0
1782241194.7152848,IDLE,-0.13,-1.9118137475590713,-84.57398527748629,-4.411775022507339,0.40107045659157625,0.2864788975654116,0.2864788975654116,False,0.0
1782241194.725766,IDLE,-0.13,-1.9118137475590713,-84.57398527748629,-4.411775022507339,0.40107045659157625,0.2864788975654116,0.2864788975654116,False,0.0
1782241194.7362916,IDLE,-0.13,-1.9405173952072434,-84.58733024645618,-4.354479242994256,0.5156620156177408,0.2864788975654116,0.2864788975654116,False,0.0
1782241194.7470696,IDLE,-0.13,-1.9405173952072434,-84.58733024645618,-4.354479242994256,0.5156620156177408,0.2864788975654116,0.2864788975654116,False,0.0
1782241194.757523,IDLE,-0.13,-1.9405173952072434,-84.58733024645618,-4.354479242994256,0.5156620156177408,0.2864788975654116,0.2864788975654116,False,0.0
1782241194.7681904,IDLE,-0.13,-1.9405173952072434,-84.58733024645618,-4.354479242994256,0.5156620156177408,0.2864788975654116,0.2864788975654116,False,0.0
1782241194.778428,IDLE,-0.13,-1.9405173952072434,-84.58733024645618,-4.354479242994256,0.5156620156177408,0.2864788975654116,0.2864788975654116,False,0.0
1782241194.7888682,IDLE,-0.13,-1.912420234151363,-84.47315093631948,-4.469070802020421,0.40107045659157625,0.2864788975654116,0.2864788975654116,False,0.0
1782241194.7991776,IDLE,-0.13,-1.912420234151363,-84.47315093631948,-4.469070802020421,0.40107045659157625,0.2864788975654116,0.2864788975654116,False,0.0
1782241194.8094313,IDLE,-0.13,-1.912420234151363,-84.47315093631948,-4.469070802020421,0.40107045659157625,0.2864788975654116,0.2864788975654116,False,0.0
1782241194.8199842,IDLE,-0.13,-1.912420234151363,-84.47315093631948,-4.469070802020421,0.40107045659157625,0.2864788975654116,0.2864788975654116,False,0.0
1782241194.830535,IDLE,-0.13,-2.0717221320787065,-84.5304385178184,-4.411775022507339,0.40107045659157625,0.2864788975654116,0.2864788975654116,False,0.0
1782241194.8411329,IDLE,-0.11,-2.0717221320787065,-84.5304385178184,-4.411775022507339,0.40107045659157625,0.2864788975654116,0.2864788975654116,False,0.0
1782241194.8516378,IDLE,-0.11,-2.0717221320787065,-84.5304385178184,-4.411775022507339,0.40107045659157625,0.2864788975654116,0.2864788975654116,False,0.0
1782241194.8622696,IDLE,-0.11,-2.0717221320787065,-84.5304385178184,-4.411775022507339,0.40107045659157625,0.2864788975654116,0.2864788975654116,False,0.0
1782241194.8729408,IDLE,-0.11,-2.0717221320787065,-84.5304385178184,-4.411775022507339,0.40107045659157625,0.2864788975654116,0.2864788975654116,False,0.0
1782241194.8833587,IDLE,-0.11,-1.9102972419175548,-84.68221467321429,-4.469070802020421,0.4583662361046586,0.2864788975654116,0.2864788975654116,False,0.0
1782241194.8939722,IDLE,-0.11,-1.9102972419175548,-84.68221467321429,-4.469070802020421,0.4583662361046586,0.2864788975654116,0.2864788975654116,False,0.0
1782241194.904415,IDLE,-0.11,-1.9102972419175548,-84.68221467321429,-4.469070802020421,0.4583662361046586,0.2864788975654116,0.2864788975654116,False,0.0
1782241194.9151607,IDLE,-0.11,-1.9102972419175548,-84.68221467321429,-4.469070802020421,0.4583662361046586,0.2864788975654116,0.2864788975654116,False,0.0
1782241194.9259896,IDLE,-0.11,-1.9102972419175548,-84.68221467321429,-4.469070802020421,0.4583662361046586,0.2864788975654116,0.2864788975654116,False,0.0
1782241194.9367564,IDLE,-0.12,-1.9914207983387096,-84.5923478938683,-4.354479242994256,0.40107045659157625,0.34377467707849396,0.34377467707849396,False,0.0
1782241194.9472253,IDLE,-0.12,-1.9914207983387096,-84.5923478938683,-4.354479242994256,0.40107045659157625,0.34377467707849396,0.34377467707849396,False,0.0
1782241194.9579155,IDLE,-0.12,-1.9914207983387096,-84.5923478938683,-4.354479242994256,0.40107045659157625,0.34377467707849396,0.34377467707849396,False,0.0
1782241194.9682887,IDLE,-0.12,-1.9914207983387096,-84.5923478938683,-4.354479242994256,0.40107045659157625,0.34377467707849396,0.34377467707849396,False,0.0
1782241194.97885,IDLE,-0.12,-1.9914207983387096,-84.5923478938683,-4.354479242994256,0.40107045659157625,0.34377467707849396,0.34377467707849396,False,0.0
1782241194.9896,IDLE,-0.12,-1.885877813630807,-84.55771228741509,-4.411775022507339,0.40107045659157625,0.2864788975654116,0.2864788975654116,False,0.0
1782241195.0000646,IDLE,-0.12,-1.885877813630807,-84.55771228741509,-4.411775022507339,0.40107045659157625,0.2864788975654116,0.2864788975654116,False,0.0
1782241195.0103536,IDLE,-0.12,-1.885877813630807,-84.55771228741509,-4.411775022507339,0.40107045659157625,0.2864788975654116,0.2864788975654116,False,0.0
1782241195.0216918,IDLE,-0.12,-1.885877813630807,-84.55771228741509,-4.411775022507339,0.40107045659157625,0.2864788975654116,0.2864788975654116,False,0.0
1782241195.0322936,IDLE,-0.12,-1.9118137475590713,-84.57398527748629,-4.354479242994256,0.4583662361046586,0.2291831180523293,0.2291831180523293,False,0.0
1782241195.0428762,IDLE,-0.12,-1.9118137475590713,-84.57398527748629,-4.354479242994256,0.4583662361046586,0.2291831180523293,0.2291831180523293,False,0.0
1782241195.0534444,IDLE,-0.12,-1.9118137475590713,-84.57398527748629,-4.354479242994256,0.4583662361046586,0.2291831180523293,0.2291831180523293,False,0.0
1782241195.0643964,IDLE,-0.12,-1.9118137475590713,-84.57398527748629,-4.354479242994256,0.4583662361046586,0.2291831180523293,0.2291831180523293,False,0.0
1782241195.074707,IDLE,-0.12,-1.9118137475590713,-84.57398527748629,-4.354479242994256,0.4583662361046586,0.2291831180523293,0.2291831180523293,False,0.0
1782241195.08515,IDLE,-0.12,-1.8311865632184898,-84.8253583145243,-4.411775022507339,0.40107045659157625,0.2291831180523293,0.2291831180523293,False,0.0
1782241195.0954902,IDLE,-0.12,-1.8311865632184898,-84.8253583145243,-4.411775022507339,0.40107045659157625,0.2291831180523293,0.2291831180523293,False,0.0
1782241195.106243,IDLE,-0.12,-1.8311865632184898,-84.8253583145243,-4.411775022507339,0.40107045659157625,0.2291831180523293,0.2291831180523293,False,0.0
1782241195.1169257,IDLE,-0.12,-1.8311865632184898,-84.8253583145243,-4.411775022507339,0.40107045659157625,0.2291831180523293,0.2291831180523293,False,0.0
1782241195.127425,IDLE,-0.12,-1.8311865632184898,-84.8253583145243,-4.411775022507339,0.40107045659157625,0.2291831180523293,0.2291831180523293,False,0.0
1782241195.137916,IDLE,-0.13,-1.9408283612782602,-84.68507558430468,-4.354479242994256,0.4583662361046586,0.2291831180523293,0.2291831180523293,False,0.0
1782241195.1491156,IDLE,-0.13,-1.9408283612782602,-84.68507558430468,-4.354479242994256,0.4583662361046586,0.2291831180523293,0.2291831180523293,False,0.0
1782241195.1594758,IDLE,-0.13,-1.9408283612782602,-84.68507558430468,-4.354479242994256,0.4583662361046586,0.2291831180523293,0.2291831180523293,False,0.0
1782241195.1697526,IDLE,-0.13,-1.9408283612782602,-84.68507558430468,-4.354479242994256,0.4583662361046586,0.2291831180523293,0.2291831180523293,False,0.0
1782241195.1803162,IDLE,-0.13,-1.9929112174908503,-84.51566015685549,-4.411775022507339,0.40107045659157625,0.2291831180523293,0.2291831180523293,False,0.0
1782241195.1907167,IDLE,-0.13,-1.9929112174908503,-84.51566015685549,-4.411775022507339,0.40107045659157625,0.2291831180523293,0.2291831180523293,False,0.0
1782241195.2010472,IDLE,-0.13,-1.9929112174908503,-84.51566015685549,-4.411775022507339,0.40107045659157625,0.2291831180523293,0.2291831180523293,False,0.0
1782241195.211746,IDLE,-0.13,-1.9929112174908503,-84.51566015685549,-4.411775022507339,0.40107045659157625,0.2291831180523293,0.2291831180523293,False,0.0
1782241195.2224956,IDLE,-0.13,-1.9929112174908503,-84.51566015685549,-4.411775022507339,0.40107045659157625,0.2291831180523293,0.2291831180523293,False,0.0
1782241195.2333171,IDLE,-0.13,-1.6957717080378363,-84.62514525033605,-4.469070802020421,0.40107045659157625,0.17188733853924698,0.17188733853924698,False,0.0
1782241195.2437904,IDLE,-0.13,-1.6957717080378363,-84.62514525033605,-4.469070802020421,0.40107045659157625,0.17188733853924698,0.17188733853924698,False,0.0
1782241195.2545762,IDLE,-0.13,-1.6957717080378363,-84.62514525033605,-4.469070802020421,0.40107045659157625,0.17188733853924698,0.17188733853924698,False,0.0
1782241195.2660668,IDLE,-0.13,-1.6957717080378363,-84.62514525033605,-4.469070802020421,0.40107045659157625,0.17188733853924698,0.17188733853924698,False,0.0
1782241195.2768364,IDLE,-0.13,-1.6957717080378363,-84.62514525033605,-4.469070802020421,0.40107045659157625,0.17188733853924698,0.17188733853924698,False,0.0
1782241195.287345,IDLE,-0.13,-2.044383578301169,-84.72733734437743,-4.411775022507339,0.40107045659157625,0.34377467707849396,0.34377467707849396,False,0.0
1782241195.2977345,IDLE,-0.13,-2.044383578301169,-84.72733734437743,-4.411775022507339,0.40107045659157625,0.34377467707849396,0.34377467707849396,False,0.0
1782241195.3080943,IDLE,-0.13,-2.044383578301169,-84.72733734437743,-4.411775022507339,0.40107045659157625,0.34377467707849396,0.34377467707849396,False,0.0
1782241195.3184521,IDLE,-0.13,-2.044383578301169,-84.72733734437743,-4.411775022507339,0.40107045659157625,0.34377467707849396,0.34377467707849396,False,0.0
1782241195.3287284,IDLE,-0.13,-2.044383578301169,-84.72733734437743,-4.411775022507339,0.40107045659157625,0.34377467707849396,0.34377467707849396,False,0.0
1782241195.3391137,IDLE,-0.11,-2.0235340472443166,-84.544360119757,-4.411775022507339,0.34377467707849396,0.2291831180523293,0.2291831180523293,False,0.0
1782241195.3494565,IDLE,-0.11,-2.0235340472443166,-84.544360119757,-4.411775022507339,0.34377467707849396,0.2291831180523293,0.2291831180523293,False,0.0
1782241195.359698,IDLE,-0.11,-2.0235340472443166,-84.544360119757,-4.411775022507339,0.34377467707849396,0.2291831180523293,0.2291831180523293,False,0.0
1782241195.3706012,IDLE,-0.11,-2.0235340472443166,-84.544360119757,-4.411775022507339,0.34377467707849396,0.2291831180523293,0.2291831180523293,False,0.0
1782241195.381353,IDLE,-0.11,-1.7199576888091708,-84.50090830332739,-4.469070802020421,0.40107045659157625,0.17188733853924698,0.17188733853924698,False,0.0
1782241195.3918915,IDLE,-0.11,-1.7199576888091708,-84.50090830332739,-4.469070802020421,0.40107045659157625,0.17188733853924698,0.17188733853924698,False,0.0
1782241195.4023068,IDLE,-0.11,-1.7199576888091708,-84.50090830332739,-4.469070802020421,0.40107045659157625,0.17188733853924698,0.17188733853924698,False,0.0
1782241195.412703,IDLE,-0.11,-1.7199576888091708,-84.50090830332739,-4.469070802020421,0.40107045659157625,0.17188733853924698,0.17188733853924698,False,0.0
1782241195.4230103,IDLE,-0.11,-1.7199576888091708,-84.50090830332739,-4.469070802020421,0.40107045659157625,0.17188733853924698,0.17188733853924698,False,0.0
1782241195.4335485,IDLE,-0.12,-2.0486229611218167,-84.56701978121491,-4.354479242994256,0.40107045659157625,0.40107045659157625,0.40107045659157625,False,0.0
1782241195.443833,IDLE,-0.12,-2.0486229611218167,-84.56701978121491,-4.354479242994256,0.40107045659157625,0.40107045659157625,0.40107045659157625,False,0.0
1782241195.4545965,IDLE,-0.12,-2.0486229611218167,-84.56701978121491,-4.354479242994256,0.40107045659157625,0.40107045659157625,0.40107045659157625,False,0.0
1782241195.4650714,IDLE,-0.12,-2.0486229611218167,-84.56701978121491,-4.354479242994256,0.40107045659157625,0.40107045659157625,0.40107045659157625,False,0.0
1782241195.4755926,IDLE,-0.12,-2.0486229611218167,-84.56701978121491,-4.354479242994256,0.40107045659157625,0.40107045659157625,0.40107045659157625,False,0.0
1782241195.4862156,IDLE,-0.12,-2.1552324990983407,-84.5746305426533,-4.354479242994256,0.40107045659157625,0.057295779513082325,0.057295779513082325,False,0.0
1782241195.4966745,IDLE,-0.12,-2.1552324990983407,-84.5746305426533,-4.354479242994256,0.40107045659157625,0.057295779513082325,0.057295779513082325,False,0.0
1782241195.5071187,IDLE,-0.12,-2.1552324990983407,-84.5746305426533,-4.354479242994256,0.40107045659157625,0.057295779513082325,0.057295779513082325,False,0.0
1782241195.5174913,IDLE,-0.12,-2.1552324990983407,-84.5746305426533,-4.354479242994256,0.40107045659157625,0.057295779513082325,0.057295779513082325,False,0.0
1782241195.5280766,IDLE,-0.12,-2.1552324990983407,-84.5746305426533,-4.354479242994256,0.40107045659157625,0.057295779513082325,0.057295779513082325,False,0.0
1782241195.5385256,IDLE,-0.11,-1.8000858308162568,-84.6556492945416,-4.411775022507339,0.4583662361046586,0.2291831180523293,0.2291831180523293,False,0.0
1782241195.5494099,IDLE,-0.11,-1.8000858308162568,-84.6556492945416,-4.411775022507339,0.4583662361046586,0.2291831180523293,0.2291831180523293,False,0.0
1782241195.5600872,IDLE,-0.11,-1.8000858308162568,-84.6556492945416,-4.411775022507339,0.4583662361046586,0.2291831180523293,0.2291831180523293,False,0.0
1782241195.5707269,IDLE,-0.11,-1.8000858308162568,-84.6556492945416,-4.411775022507339,0.4583662361046586,0.2291831180523293,0.2291831180523293,False,0.0
1782241195.5820217,IDLE,-0.11,-1.8893294056238705,-84.04211458830603,-4.411775022507339,0.4583662361046586,0.11459155902616465,0.11459155902616465,False,0.0
1782241195.5923202,IDLE,-0.11,-1.8893294056238705,-84.04211458830603,-4.411775022507339,0.4583662361046586,0.11459155902616465,0.11459155902616465,False,0.0
1782241195.6027992,IDLE,-0.11,-1.8893294056238705,-84.04211458830603,-4.411775022507339,0.4583662361046586,0.11459155902616465,0.11459155902616465,False,0.0
1782241195.6135173,IDLE,-0.11,-1.8893294056238705,-84.04211458830603,-4.411775022507339,0.4583662361046586,0.11459155902616465,0.11459155902616465,False,0.0
1782241195.6243157,IDLE,-0.11,-1.8893294056238705,-84.04211458830603,-4.411775022507339,0.4583662361046586,0.11459155902616465,0.11459155902616465,False,0.0
1782241195.6350517,IDLE,-0.11,-1.8268484435291075,-84.56114484603648,-4.354479242994256,0.40107045659157625,0.2291831180523293,0.2291831180523293,False,0.0
1782241195.645504,IDLE,-0.11,-1.8268484435291075,-84.56114484603648,-4.354479242994256,0.40107045659157625,0.2291831180523293,0.2291831180523293,False,0.0
1782241195.6562564,IDLE,-0.11,-1.8268484435291075,-84.56114484603648,-4.354479242994256,0.40107045659157625,0.2291831180523293,0.2291831180523293,False,0.0
1782241195.666655,IDLE,-0.11,-1.8268484435291075,-84.56114484603648,-4.354479242994256,0.40107045659157625,0.2291831180523293,0.2291831180523293,False,0.0
1782241195.6772635,IDLE,-0.11,-1.8268484435291075,-84.56114484603648,-4.354479242994256,0.40107045659157625,0.2291831180523293,0.2291831180523293,False,0.0
1782241195.688131,IDLE,-0.11,-2.1290320876433952,-85.04446637594013,-4.469070802020421,0.4583662361046586,0.2864788975654116,0.2864788975654116,False,0.0
1782241195.6993518,IDLE,-0.11,-2.1290320876433952,-85.04446637594013,-4.469070802020421,0.4583662361046586,0.2864788975654116,0.2864788975654116,False,0.0
1782241195.709988,IDLE,-0.11,-2.1290320876433952,-85.04446637594013,-4.469070802020421,0.4583662361046586,0.2864788975654116,0.2864788975654116,False,0.0
1782241195.7203157,IDLE,-0.11,-2.1290320876433952,-85.04446637594013,-4.469070802020421,0.4583662361046586,0.2864788975654116,0.2864788975654116,False,0.0
1782241195.730974,IDLE,-0.11,-1.9058884894710406,-84.93686962559826,-4.411775022507339,0.40107045659157625,0.2864788975654116,0.2864788975654116,False,0.0
1782241195.7414994,IDLE,-0.12,-1.9058884894710406,-84.93686962559826,-4.411775022507339,0.40107045659157625,0.2864788975654116,0.2864788975654116,False,0.0
1782241195.751934,IDLE,-0.12,-1.9058884894710406,-84.93686962559826,-4.411775022507339,0.40107045659157625,0.2864788975654116,0.2864788975654116,False,0.0
1782241195.7621615,IDLE,-0.12,-1.9058884894710406,-84.93686962559826,-4.411775022507339,0.40107045659157625,0.2864788975654116,0.2864788975654116,False,0.0
1782241195.7729967,IDLE,-0.12,-1.9058884894710406,-84.93686962559826,-4.411775022507339,0.40107045659157625,0.2864788975654116,0.2864788975654116,False,0.0
1782241195.7838635,IDLE,-0.12,-1.852515204770819,-84.15369016376255,-4.411775022507339,0.40107045659157625,0.40107045659157625,0.40107045659157625,False,0.0
1782241195.7942667,IDLE,-0.12,-1.852515204770819,-84.15369016376255,-4.411775022507339,0.40107045659157625,0.40107045659157625,0.40107045659157625,False,0.0
1782241195.804904,IDLE,-0.12,-1.852515204770819,-84.15369016376255,-4.411775022507339,0.40107045659157625,0.40107045659157625,0.40107045659157625,False,0.0
1782241195.815502,IDLE,-0.12,-1.852515204770819,-84.15369016376255,-4.411775022507339,0.40107045659157625,0.40107045659157625,0.40107045659157625,False,0.0
1782241195.8258429,IDLE,-0.12,-1.852515204770819,-84.15369016376255,-4.411775022507339,0.40107045659157625,0.40107045659157625,0.40107045659157625,False,0.0
1782241195.8368013,IDLE,-0.12,-2.0237482547716183,-84.32010671777536,-4.354479242994256,0.40107045659157625,0.11459155902616465,0.11459155902616465,False,0.0
1782241195.8472366,IDLE,-0.12,-2.0237482547716183,-84.32010671777536,-4.354479242994256,0.40107045659157625,0.11459155902616465,0.11459155902616465,False,0.0
1782241195.8579888,IDLE,-0.12,-2.0237482547716183,-84.32010671777536,-4.354479242994256,0.40107045659157625,0.11459155902616465,0.11459155902616465,False,0.0
1782241195.8683894,IDLE,-0.12,-2.0237482547716183,-84.32010671777536,-4.354479242994256,0.40107045659157625,0.11459155902616465,0.11459155902616465,False,0.0
1782241195.8787568,IDLE,-0.12,-2.0237482547716183,-84.32010671777536,-4.354479242994256,0.40107045659157625,0.11459155902616465,0.11459155902616465,False,0.0
1782241195.8891041,IDLE,-0.12,-1.8821682545592895,-84.54236496530136,-4.354479242994256,0.40107045659157625,0.2291831180523293,0.2291831180523293,False,0.0
1782241195.8998702,IDLE,-0.12,-1.8821682545592895,-84.54236496530136,-4.354479242994256,0.40107045659157625,0.2291831180523293,0.2291831180523293,False,0.0
1782241195.9106405,IDLE,-0.12,-1.8821682545592895,-84.54236496530136,-4.354479242994256,0.40107045659157625,0.2291831180523293,0.2291831180523293,False,0.0
1782241195.920944,IDLE,-0.12,-1.8821682545592895,-84.54236496530136,-4.354479242994256,0.40107045659157625,0.2291831180523293,0.2291831180523293,False,0.0
1782241195.9317997,IDLE,-0.12,-2.127821085309978,-84.68199440823143,-4.411775022507339,0.5156620156177408,0.2864788975654116,0.2864788975654116,False,0.0
1782241195.942441,IDLE,-0.12,-2.127821085309978,-84.68199440823143,-4.411775022507339,0.5156620156177408,0.2864788975654116,0.2864788975654116,False,0.0
1782241195.95277,IDLE,-0.12,-2.127821085309978,-84.68199440823143,-4.411775022507339,0.5156620156177408,0.2864788975654116,0.2864788975654116,False,0.0
1782241195.96362,IDLE,-0.12,-2.127821085309978,-84.68199440823143,-4.411775022507339,0.5156620156177408,0.2864788975654116,0.2864788975654116,False,0.0
1782241195.9742773,IDLE,-0.12,-2.127821085309978,-84.68199440823143,-4.411775022507339,0.5156620156177408,0.2864788975654116,0.2864788975654116,False,0.0
1782241195.9849894,IDLE,-0.12,-1.828390740745892,-84.78122412717897,-4.411775022507339,0.40107045659157625,0.11459155902616465,0.11459155902616465,False,0.0
1782241195.9957979,IDLE,-0.12,-1.828390740745892,-84.78122412717897,-4.411775022507339,0.40107045659157625,0.11459155902616465,0.11459155902616465,False,0.0
1782241196.0061493,IDLE,-0.12,-1.828390740745892,-84.78122412717897,-4.411775022507339,0.40107045659157625,0.11459155902616465,0.11459155902616465,False,0.0
1782241196.0164406,IDLE,-0.12,-1.828390740745892,-84.78122412717897,-4.411775022507339,0.40107045659157625,0.11459155902616465,0.11459155902616465,False,0.0
1782241196.026634,IDLE,-0.12,-1.828390740745892,-84.78122412717897,-4.411775022507339,0.40107045659157625,0.11459155902616465,0.11459155902616465,False,0.0
1782241196.0373075,IDLE,-0.1,-1.8297557291346116,-84.35269469700171,-4.469070802020421,0.40107045659157625,0.2291831180523293,0.2291831180523293,False,0.0
1782241196.048112,IDLE,-0.1,-1.8297557291346116,-84.35269469700171,-4.469070802020421,0.40107045659157625,0.2291831180523293,0.2291831180523293,False,0.0
1782241196.0584836,IDLE,-0.1,-1.8297557291346116,-84.35269469700171,-4.469070802020421,0.40107045659157625,0.2291831180523293,0.2291831180523293,False,0.0
1782241196.068812,IDLE,-0.1,-1.8297557291346116,-84.35269469700171,-4.469070802020421,0.40107045659157625,0.2291831180523293,0.2291831180523293,False,0.0
1782241196.0794997,IDLE,-0.1,-1.8297557291346116,-84.35269469700171,-4.469070802020421,0.40107045659157625,0.2291831180523293,0.2291831180523293,False,0.0
1782241196.0901754,IDLE,-0.1,-2.0687668764460274,-84.49183870749633,-4.411775022507339,0.4583662361046586,0.2291831180523293,0.2291831180523293,False,0.0
1782241196.1005402,IDLE,-0.1,-2.0687668764460274,-84.49183870749633,-4.411775022507339,0.4583662361046586,0.2291831180523293,0.2291831180523293,False,0.0
1782241196.1110957,IDLE,-0.1,-2.0687668764460274,-84.49183870749633,-4.411775022507339,0.4583662361046586,0.2291831180523293,0.2291831180523293,False,0.0
1782241196.121428,IDLE,-0.1,-2.0687668764460274,-84.49183870749633,-4.411775022507339,0.4583662361046586,0.2291831180523293,0.2291831180523293,False,0.0
1782241196.132146,IDLE,-0.1,-1.8295552723675992,-84.8767896010428,-4.297183463481174,0.40107045659157625,0.2291831180523293,0.2291831180523293,False,0.0
1782241196.1427708,IDLE,-0.12,-1.8295552723675992,-84.8767896010428,-4.297183463481174,0.40107045659157625,0.2291831180523293,0.2291831180523293,False,0.0
1782241196.1533072,IDLE,-0.12,-1.8295552723675992,-84.8767896010428,-4.297183463481174,0.40107045659157625,0.2291831180523293,0.2291831180523293,False,0.0
1782241196.1637025,IDLE,-0.12,-1.8295552723675992,-84.8767896010428,-4.297183463481174,0.40107045659157625,0.2291831180523293,0.2291831180523293,False,0.0
1782241196.1742268,IDLE,-0.12,-1.8295552723675992,-84.8767896010428,-4.297183463481174,0.40107045659157625,0.2291831180523293,0.2291831180523293,False,0.0
1782241196.1848078,IDLE,-0.12,-1.9647646347553793,-84.40173650484222,-4.411775022507339,0.40107045659157625,0.34377467707849396,0.34377467707849396,False,0.0
1782241196.195048,IDLE,-0.12,-1.9647646347553793,-84.40173650484222,-4.411775022507339,0.40107045659157625,0.34377467707849396,0.34377467707849396,False,0.0
1782241196.2053921,IDLE,-0.12,-1.9647646347553793,-84.40173650484222,-4.411775022507339,0.40107045659157625,0.34377467707849396,0.34377467707849396,False,0.0
1782241196.2163062,IDLE,-0.12,-1.9647646347553793,-84.40173650484222,-4.411775022507339,0.40107045659157625,0.34377467707849396,0.34377467707849396,False,0.0
1782241196.2314837,IDLE,-0.12,-1.8580030120911672,-84.51533003391641,-4.411775022507339,0.40107045659157625,0.17188733853924698,0.17188733853924698,False,0.0
1782241196.2573786,IDLE,-0.11,-1.8580030120911672,-84.51533003391641,-4.411775022507339,0.40107045659157625,0.17188733853924698,0.17188733853924698,False,0.0
1782241196.2709832,IDLE,-0.11,-1.8580030120911672,-84.51533003391641,-4.411775022507339,0.40107045659157625,0.17188733853924698,0.17188733853924698,False,0.0
1782241196.2833824,IDLE,-0.11,-1.8577869018531017,-84.74061731385336,-4.411775022507339,0.40107045659157625,0.2864788975654116,0.2864788975654116,False,0.0
1782241196.2941382,IDLE,-0.11,-1.8577869018531017,-84.74061731385336,-4.411775022507339,0.40107045659157625,0.2864788975654116,0.2864788975654116,False,0.0
1782241196.3044686,IDLE,-0.11,-1.8577869018531017,-84.74061731385336,-4.411775022507339,0.40107045659157625,0.2864788975654116,0.2864788975654116,False,0.0
1782241196.3150568,IDLE,-0.11,-1.8577869018531017,-84.74061731385336,-4.411775022507339,0.40107045659157625,0.2864788975654116,0.2864788975654116,False,0.0
1782241196.3253863,IDLE,-0.11,-1.8577869018531017,-84.74061731385336,-4.411775022507339,0.40107045659157625,0.2864788975654116,0.2864788975654116,False,0.0
1782241196.3361475,IDLE,-0.1,-1.8839805809247105,-84.5370957716919,-4.354479242994256,0.40107045659157625,0.2864788975654116,0.2864788975654116,False,0.0
1782241196.3470469,IDLE,-0.1,-1.8839805809247105,-84.5370957716919,-4.354479242994256,0.40107045659157625,0.2864788975654116,0.2864788975654116,False,0.0
1782241196.3576362,IDLE,-0.1,-1.8839805809247105,-84.5370957716919,-4.354479242994256,0.40107045659157625,0.2864788975654116,0.2864788975654116,False,0.0
1782241196.3679597,IDLE,-0.1,-1.8839805809247105,-84.5370957716919,-4.354479242994256,0.40107045659157625,0.2864788975654116,0.2864788975654116,False,0.0
1782241196.3782952,IDLE,-0.1,-1.8839805809247105,-84.5370957716919,-4.354479242994256,0.40107045659157625,0.2864788975654116,0.2864788975654116,False,0.0
1782241196.389159,IDLE,-0.1,-1.9132026103750672,-84.72083680066466,-4.469070802020421,0.40107045659157625,0.2291831180523293,0.2291831180523293,False,0.0
1782241196.399795,IDLE,-0.1,-1.9132026103750672,-84.72083680066466,-4.469070802020421,0.40107045659157625,0.2291831180523293,0.2291831180523293,False,0.0
1782241196.4101884,IDLE,-0.1,-1.9132026103750672,-84.72083680066466,-4.469070802020421,0.40107045659157625,0.2291831180523293,0.2291831180523293,False,0.0
1782241196.4208632,IDLE,-0.1,-1.9132026103750672,-84.72083680066466,-4.469070802020421,0.40107045659157625,0.2291831180523293,0.2291831180523293,False,0.0
1782241196.4320252,IDLE,-0.1,-1.98926522582596,-84.52572027140903,-4.354479242994256,0.40107045659157625,0.2864788975654116,0.2864788975654116,False,0.0
1782241196.4423351,IDLE,-0.1,-1.98926522582596,-84.52572027140903,-4.354479242994256,0.40107045659157625,0.2864788975654116,0.2864788975654116,False,0.0
1782241196.4528573,IDLE,-0.1,-1.98926522582596,-84.52572027140903,-4.354479242994256,0.40107045659157625,0.2864788975654116,0.2864788975654116,False,0.0
1782241196.4638045,IDLE,-0.1,-1.98926522582596,-84.52572027140903,-4.354479242994256,0.40107045659157625,0.2864788975654116,0.2864788975654116,False,0.0
1782241196.4743767,IDLE,-0.1,-1.98926522582596,-84.52572027140903,-4.354479242994256,0.40107045659157625,0.2864788975654116,0.2864788975654116,False,0.0
1782241196.4850423,IDLE,-0.1,-1.8624829093812165,-84.32834351849316,-4.469070802020421,0.40107045659157625,0.2864788975654116,0.2864788975654116,False,0.0
1782241196.4953444,IDLE,-0.1,-1.8624829093812165,-84.32834351849316,-4.469070802020421,0.40107045659157625,0.2864788975654116,0.2864788975654116,False,0.0
1782241196.5059316,IDLE,-0.1,-1.8624829093812165,-84.32834351849316,-4.469070802020421,0.40107045659157625,0.2864788975654116,0.2864788975654116,False,0.0
1782241196.5164237,IDLE,-0.1,-1.8624829093812165,-84.32834351849316,-4.469070802020421,0.40107045659157625,0.2864788975654116,0.2864788975654116,False,0.0
1782241196.526972,IDLE,-0.1,-1.8624829093812165,-84.32834351849316,-4.469070802020421,0.40107045659157625,0.2864788975654116,0.2864788975654116,False,0.0
1782241196.5375264,IDLE,-0.1,-1.8568146864919728,-84.71733926892925,-4.411775022507339,0.4583662361046586,0.057295779513082325,0.057295779513082325,False,0.0
1782241196.548361,IDLE,-0.1,-1.8568146864919728,-84.71733926892925,-4.411775022507339,0.4583662361046586,0.057295779513082325,0.057295779513082325,False,0.0
1782241196.5591512,IDLE,-0.1,-1.8568146864919728,-84.71733926892925,-4.411775022507339,0.4583662361046586,0.057295779513082325,0.057295779513082325,False,0.0
1782241196.5694091,IDLE,-0.1,-1.8568146864919728,-84.71733926892925,-4.411775022507339,0.4583662361046586,0.057295779513082325,0.057295779513082325,False,0.0
1782241196.5800238,IDLE,-0.1,-1.8568146864919728,-84.71733926892925,-4.411775022507339,0.4583662361046586,0.057295779513082325,0.057295779513082325,False,0.0
1782241196.5907307,IDLE,-0.1,-1.848093847746071,-84.9901570486055,-4.354479242994256,0.34377467707849396,0.34377467707849396,0.34377467707849396,False,0.0
1782241196.601029,IDLE,-0.1,-1.848093847746071,-84.9901570486055,-4.354479242994256,0.34377467707849396,0.34377467707849396,0.34377467707849396,False,0.0
1782241196.6112456,IDLE,-0.1,-1.848093847746071,-84.9901570486055,-4.354479242994256,0.34377467707849396,0.34377467707849396,0.34377467707849396,False,0.0
1782241196.6219845,IDLE,-0.1,-1.848093847746071,-84.9901570486055,-4.354479242994256,0.34377467707849396,0.34377467707849396,0.34377467707849396,False,0.0
1782241196.6326032,IDLE,-0.1,-2.20927834174045,-84.27240659624441,-4.354479242994256,0.4583662361046586,0.2291831180523293,0.2291831180523293,False,0.0
1782241196.643215,IDLE,-0.09,-2.20927834174045,-84.27240659624441,-4.354479242994256,0.4583662361046586,0.2291831180523293,0.2291831180523293,False,0.0
1782241196.6536214,IDLE,-0.09,-2.20927834174045,-84.27240659624441,-4.354479242994256,0.4583662361046586,0.2291831180523293,0.2291831180523293,False,0.0
1782241196.6640933,IDLE,-0.09,-2.20927834174045,-84.27240659624441,-4.354479242994256,0.4583662361046586,0.2291831180523293,0.2291831180523293,False,0.0
1782241196.6746418,IDLE,-0.09,-2.20927834174045,-84.27240659624441,-4.354479242994256,0.4583662361046586,0.2291831180523293,0.2291831180523293,False,0.0
1782241196.6849244,IDLE,-0.09,-1.3718354085713134,-84.74747169712204,-4.411775022507339,0.34377467707849396,0.2864788975654116,0.2864788975654116,False,0.0
1782241196.6951656,IDLE,-0.09,-1.3718354085713134,-84.74747169712204,-4.411775022507339,0.34377467707849396,0.2864788975654116,0.2864788975654116,False,0.0
1782241196.7060485,IDLE,-0.09,-1.3718354085713134,-84.74747169712204,-4.411775022507339,0.34377467707849396,0.2864788975654116,0.2864788975654116,False,0.0
1782241196.7163556,IDLE,-0.09,-1.3718354085713134,-84.74747169712204,-4.411775022507339,0.34377467707849396,0.2864788975654116,0.2864788975654116,False,0.0
1782241196.7267337,IDLE,-0.09,-1.3718354085713134,-84.74747169712204,-4.411775022507339,0.34377467707849396,0.2864788975654116,0.2864788975654116,False,0.0
1782241196.7371392,IDLE,-0.12,-2.0765322795255807,-84.5177059476485,-4.354479242994256,0.40107045659157625,0.34377467707849396,0.34377467707849396,False,0.0
1782241196.7477982,IDLE,-0.12,-2.0765322795255807,-84.5177059476485,-4.354479242994256,0.40107045659157625,0.34377467707849396,0.34377467707849396,False,0.0
1782241196.7585042,IDLE,-0.12,-2.0765322795255807,-84.5177059476485,-4.354479242994256,0.40107045659157625,0.34377467707849396,0.34377467707849396,False,0.0
1782241196.7687955,IDLE,-0.12,-2.0765322795255807,-84.5177059476485,-4.354479242994256,0.40107045659157625,0.34377467707849396,0.34377467707849396,False,0.0
1782241196.779339,IDLE,-0.12,-2.0765322795255807,-84.5177059476485,-4.354479242994256,0.40107045659157625,0.34377467707849396,0.34377467707849396,False,0.0
1782241196.7897186,IDLE,-0.12,-1.858301338497752,-84.91582240495373,-4.411775022507339,0.4583662361046586,0.0,0.0,False,0.0
1782241196.800124,IDLE,-0.12,-1.858301338497752,-84.91582240495373,-4.411775022507339,0.4583662361046586,0.0,0.0,False,0.0
1782241196.810575,IDLE,-0.12,-1.858301338497752,-84.91582240495373,-4.411775022507339,0.4583662361046586,0.0,0.0,False,0.0
1782241196.8209507,IDLE,-0.12,-1.858301338497752,-84.91582240495373,-4.411775022507339,0.4583662361046586,0.0,0.0,False,0.0
1782241196.8315628,IDLE,-0.12,-1.77002130775268,-84.6984204024928,-4.411775022507339,0.34377467707849396,0.4583662361046586,0.4583662361046586,False,0.0
1782241196.8424025,IDLE,-0.1,-1.77002130775268,-84.6984204024928,-4.411775022507339,0.34377467707849396,0.4583662361046586,0.4583662361046586,False,0.0
1782241196.8529432,IDLE,-0.1,-1.77002130775268,-84.6984204024928,-4.411775022507339,0.34377467707849396,0.4583662361046586,0.4583662361046586,False,0.0
1782241196.8634338,IDLE,-0.1,-1.77002130775268,-84.6984204024928,-4.411775022507339,0.34377467707849396,0.4583662361046586,0.4583662361046586,False,0.0
1782241196.8741155,IDLE,-0.1,-1.77002130775268,-84.6984204024928,-4.411775022507339,0.34377467707849396,0.4583662361046586,0.4583662361046586,False,0.0
1782241196.8846502,IDLE,-0.1,-2.1659538007813777,-83.95030183873705,-4.411775022507339,0.40107045659157625,0.2291831180523293,0.2291831180523293,False,0.0
1782241196.895347,IDLE,-0.1,-2.1659538007813777,-83.95030183873705,-4.411775022507339,0.40107045659157625,0.2291831180523293,0.2291831180523293,False,0.0
1782241196.9058933,IDLE,-0.1,-2.1659538007813777,-83.95030183873705,-4.411775022507339,0.40107045659157625,0.2291831180523293,0.2291831180523293,False,0.0
1782241196.9167218,IDLE,-0.1,-2.1659538007813777,-83.95030183873705,-4.411775022507339,0.40107045659157625,0.2291831180523293,0.2291831180523293,False,0.0
1782241196.927039,IDLE,-0.1,-2.1659538007813777,-83.95030183873705,-4.411775022507339,0.40107045659157625,0.2291831180523293,0.2291831180523293,False,0.0
1782241196.9377074,IDLE,-0.1,-1.686885334851684,-84.85251934260391,-4.297183463481174,0.40107045659157625,0.17188733853924698,0.17188733853924698,False,0.0
1782241196.948811,IDLE,-0.06,-1.686885334851684,-84.85251934260391,-4.297183463481174,0.40107045659157625,0.17188733853924698,0.17188733853924698,False,0.0
1782241196.959325,IDLE,-0.06,-1.686885334851684,-84.85251934260391,-4.297183463481174,0.40107045659157625,0.17188733853924698,0.17188733853924698,False,0.0
1782241196.9699917,IDLE,-0.06,-1.686885334851684,-84.85251934260391,-4.297183463481174,0.40107045659157625,0.17188733853924698,0.17188733853924698,False,0.0
1782241196.9810028,IDLE,-0.06,-1.686885334851684,-84.85251934260391,-4.297183463481174,0.40107045659157625,0.17188733853924698,0.17188733853924698,False,0.0
1782241196.991552,IDLE,-0.06,-2.204712582807018,-84.72348598999434,-4.354479242994256,0.40107045659157625,0.5156620156177408,0.5156620156177408,False,0.0
1782241197.0023022,IDLE,-0.06,-2.204712582807018,-84.72348598999434,-4.354479242994256,0.40107045659157625,0.5156620156177408,0.5156620156177408,False,0.0
1782241197.0132856,IDLE,-0.06,-2.204712582807018,-84.72348598999434,-4.354479242994256,0.40107045659157625,0.5156620156177408,0.5156620156177408,False,0.0
1782241197.0239434,IDLE,-0.06,-2.204712582807018,-84.72348598999434,-4.354479242994256,0.40107045659157625,0.5156620156177408,0.5156620156177408,False,0.0
1782241197.0346358,IDLE,-0.06,-1.941967795686612,-84.510386128743,-4.411775022507339,0.4583662361046586,0.17188733853924698,0.17188733853924698,False,0.0
1782241197.0450034,IDLE,-0.06,-1.941967795686612,-84.510386128743,-4.411775022507339,0.4583662361046586,0.17188733853924698,0.17188733853924698,False,0.0
1782241197.055486,IDLE,-0.06,-1.941967795686612,-84.510386128743,-4.411775022507339,0.4583662361046586,0.17188733853924698,0.17188733853924698,False,0.0
1782241197.0661027,IDLE,-0.06,-1.941967795686612,-84.510386128743,-4.411775022507339,0.4583662361046586,0.17188733853924698,0.17188733853924698,False,0.0
1782241197.076818,IDLE,-0.06,-1.941967795686612,-84.510386128743,-4.411775022507339,0.4583662361046586,0.17188733853924698,0.17188733853924698,False,0.0
1782241197.0871482,IDLE,-0.06,-1.6689035039322497,-84.34047818286973,-4.354479242994256,0.40107045659157625,0.2291831180523293,0.2291831180523293,False,0.0
1782241197.0976264,IDLE,-0.06,-1.6689035039322497,-84.34047818286973,-4.354479242994256,0.40107045659157625,0.2291831180523293,0.2291831180523293,False,0.0
1782241197.108047,IDLE,-0.06,-1.6689035039322497,-84.34047818286973,-4.354479242994256,0.40107045659157625,0.2291831180523293,0.2291831180523293,False,0.0
1782241197.118596,IDLE,-0.06,-1.6689035039322497,-84.34047818286973,-4.354479242994256,0.40107045659157625,0.2291831180523293,0.2291831180523293,False,0.0
1782241197.1290824,IDLE,-0.06,-1.6689035039322497,-84.34047818286973,-4.354479242994256,0.40107045659157625,0.2291831180523293,0.2291831180523293,False,0.0
1782241197.1394207,IDLE,-0.06,-2.0531304326773414,-84.48250914085416,-4.469070802020421,0.4583662361046586,0.2864788975654116,0.2864788975654116,False,0.0
1782241197.149803,IDLE,-0.06,-2.0531304326773414,-84.48250914085416,-4.469070802020421,0.4583662361046586,0.2864788975654116,0.2864788975654116,False,0.0
1782241197.1600673,IDLE,-0.06,-2.0531304326773414,-84.48250914085416,-4.469070802020421,0.4583662361046586,0.2864788975654116,0.2864788975654116,False,0.0
1782241197.1703904,IDLE,-0.06,-2.0531304326773414,-84.48250914085416,-4.469070802020421,0.4583662361046586,0.2864788975654116,0.2864788975654116,False,0.0
1782241197.1814392,IDLE,-0.06,-2.0531304326773414,-84.48250914085416,-4.469070802020421,0.4583662361046586,0.2864788975654116,0.2864788975654116,False,0.0
1782241197.1918848,IDLE,-0.06,-1.7784106713395975,-84.74656559224191,-4.354479242994256,0.4583662361046586,0.17188733853924698,0.17188733853924698,False,0.0
1782241197.2027123,IDLE,-0.06,-1.7784106713395975,-84.74656559224191,-4.354479242994256,0.4583662361046586,0.17188733853924698,0.17188733853924698,False,0.0
1782241197.213512,IDLE,-0.06,-1.7784106713395975,-84.74656559224191,-4.354479242994256,0.4583662361046586,0.17188733853924698,0.17188733853924698,False,0.0
1782241197.2245643,IDLE,-0.06,-1.7784106713395975,-84.74656559224191,-4.354479242994256,0.4583662361046586,0.17188733853924698,0.17188733853924698,False,0.0
1782241197.2353408,IDLE,-0.09,-1.9641825195591638,-84.75129787674358,-4.411775022507339,0.40107045659157625,0.34377467707849396,0.34377467707849396,False,0.0
1782241197.2459822,IDLE,-0.09,-1.9641825195591638,-84.75129787674358,-4.411775022507339,0.40107045659157625,0.34377467707849396,0.34377467707849396,False,0.0
1782241197.2568204,IDLE,-0.09,-1.9641825195591638,-84.75129787674358,-4.411775022507339,0.40107045659157625,0.34377467707849396,0.34377467707849396,False,0.0
1782241197.2671492,IDLE,-0.09,-1.9641825195591638,-84.75129787674358,-4.411775022507339,0.40107045659157625,0.34377467707849396,0.34377467707849396,False,0.0
1782241197.2779,IDLE,-0.09,-1.9641825195591638,-84.75129787674358,-4.411775022507339,0.40107045659157625,0.34377467707849396,0.34377467707849396,False,0.0
1782241197.2885945,IDLE,-0.09,-1.8888457579928566,-84.17056429224236,-4.411775022507339,0.40107045659157625,0.17188733853924698,0.17188733853924698,False,0.0
1782241197.2989948,IDLE,-0.09,-1.8888457579928566,-84.17056429224236,-4.411775022507339,0.40107045659157625,0.17188733853924698,0.17188733853924698,False,0.0
1782241197.3095694,IDLE,-0.09,-1.8888457579928566,-84.17056429224236,-4.411775022507339,0.40107045659157625,0.17188733853924698,0.17188733853924698,False,0.0
1782241197.32034,IDLE,-0.09,-1.8888457579928566,-84.17056429224236,-4.411775022507339,0.40107045659157625,0.17188733853924698,0.17188733853924698,False,0.0
1782241197.3308046,IDLE,-0.09,-1.8888457579928566,-84.17056429224236,-4.411775022507339,0.40107045659157625,0.17188733853924698,0.17188733853924698,False,0.0
1782241197.3413358,IDLE,-0.07,-1.805374418808749,-84.21368616635017,-4.354479242994256,0.4583662361046586,0.11459155902616465,0.11459155902616465,False,0.0
1782241197.3516,IDLE,-0.07,-1.805374418808749,-84.21368616635017,-4.354479242994256,0.4583662361046586,0.11459155902616465,0.11459155902616465,False,0.0
1782241197.3618624,IDLE,-0.07,-1.805374418808749,-84.21368616635017,-4.354479242994256,0.4583662361046586,0.11459155902616465,0.11459155902616465,False,0.0
1782241197.3722596,IDLE,-0.07,-1.805374418808749,-84.21368616635017,-4.354479242994256,0.4583662361046586,0.11459155902616465,0.11459155902616465,False,0.0
1782241197.3830922,IDLE,-0.07,-1.9398286388385255,-84.66709399189756,-4.354479242994256,0.40107045659157625,0.17188733853924698,0.17188733853924698,False,0.0
1782241197.393427,IDLE,-0.07,-1.9398286388385255,-84.66709399189756,-4.354479242994256,0.40107045659157625,0.17188733853924698,0.17188733853924698,False,0.0
1782241197.404011,IDLE,-0.07,-1.9398286388385255,-84.66709399189756,-4.354479242994256,0.40107045659157625,0.17188733853924698,0.17188733853924698,False,0.0
1782241197.41458,IDLE,-0.07,-1.9398286388385255,-84.66709399189756,-4.354479242994256,0.40107045659157625,0.17188733853924698,0.17188733853924698,False,0.0
1782241197.4248855,IDLE,-0.07,-1.9398286388385255,-84.66709399189756,-4.354479242994256,0.40107045659157625,0.17188733853924698,0.17188733853924698,False,0.0
1782241197.4354658,IDLE,-0.09,-1.9630413901769876,-85.00108214628035,-4.354479242994256,0.40107045659157625,0.34377467707849396,0.34377467707849396,False,0.0
1782241197.4456902,IDLE,-0.09,-1.9630413901769876,-85.00108214628035,-4.354479242994256,0.40107045659157625,0.34377467707849396,0.34377467707849396,False,0.0
1782241197.4564812,IDLE,-0.09,-1.9630413901769876,-85.00108214628035,-4.354479242994256,0.40107045659157625,0.34377467707849396,0.34377467707849396,False,0.0
1782241197.4668407,IDLE,-0.09,-1.9630413901769876,-85.00108214628035,-4.354479242994256,0.40107045659157625,0.34377467707849396,0.34377467707849396,False,0.0
1782241197.47707,IDLE,-0.09,-1.9630413901769876,-85.00108214628035,-4.354479242994256,0.40107045659157625,0.34377467707849396,0.34377467707849396,False,0.0
1782241197.487377,IDLE,-0.09,-1.8242335357187256,-84.51663146140717,-4.469070802020421,0.40107045659157625,0.2864788975654116,0.2864788975654116,False,0.0
1782241197.4977717,IDLE,-0.09,-1.8242335357187256,-84.51663146140717,-4.469070802020421,0.40107045659157625,0.2864788975654116,0.2864788975654116,False,0.0
1782241197.5080516,IDLE,-0.09,-1.8242335357187256,-84.51663146140717,-4.469070802020421,0.40107045659157625,0.2864788975654116,0.2864788975654116,False,0.0
1782241197.518343,IDLE,-0.09,-1.8242335357187256,-84.51663146140717,-4.469070802020421,0.40107045659157625,0.2864788975654116,0.2864788975654116,False,0.0
1782241197.5289857,IDLE,-0.09,-1.8242335357187256,-84.51663146140717,-4.469070802020421,0.40107045659157625,0.2864788975654116,0.2864788975654116,False,0.0
1782241197.5394375,IDLE,-0.1,-1.9158183465836056,-83.93673575327526,-4.354479242994256,0.40107045659157625,0.17188733853924698,0.17188733853924698,False,0.0
1782241197.550126,IDLE,-0.1,-1.9158183465836056,-83.93673575327526,-4.354479242994256,0.40107045659157625,0.17188733853924698,0.17188733853924698,False,0.0
1782241197.560356,IDLE,-0.1,-1.9158183465836056,-83.93673575327526,-4.354479242994256,0.40107045659157625,0.17188733853924698,0.17188733853924698,False,0.0
1782241197.57085,IDLE,-0.1,-1.9158183465836056,-83.93673575327526,-4.354479242994256,0.40107045659157625,0.17188733853924698,0.17188733853924698,False,0.0
1782241197.5818145,IDLE,-0.1,-1.9158183465836056,-83.93673575327526,-4.354479242994256,0.40107045659157625,0.17188733853924698,0.17188733853924698,False,0.0
1782241197.5921261,IDLE,-0.1,-1.6704886837532915,-84.61574319624097,-4.411775022507339,0.5156620156177408,0.11459155902616465,0.11459155902616465,False,0.0
1782241197.6030314,IDLE,-0.1,-1.6704886837532915,-84.61574319624097,-4.411775022507339,0.5156620156177408,0.11459155902616465,0.11459155902616465,False,0.0
1782241197.6142187,IDLE,-0.1,-1.6704886837532915,-84.61574319624097,-4.411775022507339,0.5156620156177408,0.11459155902616465,0.11459155902616465,False,0.0
1782241197.6250942,IDLE,-0.1,-1.6704886837532915,-84.61574319624097,-4.411775022507339,0.5156620156177408,0.11459155902616465,0.11459155902616465,False,0.0
1782241197.6358697,IDLE,-0.1,-2.0673164660965537,-84.96133783032046,-4.354479242994256,0.40107045659157625,0.4583662361046586,0.4583662361046586,False,0.0
1782241197.646357,IDLE,-0.11,-2.0673164660965537,-84.96133783032046,-4.354479242994256,0.40107045659157625,0.4583662361046586,0.4583662361046586,False,0.0
1782241197.6570597,IDLE,-0.11,-2.0673164660965537,-84.96133783032046,-4.354479242994256,0.40107045659157625,0.4583662361046586,0.4583662361046586,False,0.0
1782241197.6676757,IDLE,-0.11,-2.0673164660965537,-84.96133783032046,-4.354479242994256,0.40107045659157625,0.4583662361046586,0.4583662361046586,False,0.0
1782241197.6782112,IDLE,-0.11,-2.0673164660965537,-84.96133783032046,-4.354479242994256,0.40107045659157625,0.4583662361046586,0.4583662361046586,False,0.0
1782241197.6886306,IDLE,-0.11,-2.157537185910197,-84.69150303570154,-4.354479242994256,0.40107045659157625,0.17188733853924698,0.17188733853924698,False,0.0
1782241197.699323,IDLE,-0.11,-2.157537185910197,-84.69150303570154,-4.354479242994256,0.40107045659157625,0.17188733853924698,0.17188733853924698,False,0.0
1782241197.7099986,IDLE,-0.11,-2.157537185910197,-84.69150303570154,-4.354479242994256,0.40107045659157625,0.17188733853924698,0.17188733853924698,False,0.0
1782241197.7207491,IDLE,-0.11,-2.157537185910197,-84.69150303570154,-4.354479242994256,0.40107045659157625,0.17188733853924698,0.17188733853924698,False,0.0
1782241197.7319417,IDLE,-0.11,-2.157537185910197,-84.69150303570154,-4.354479242994256,0.40107045659157625,0.17188733853924698,0.17188733853924698,False,0.0
1782241197.7427518,IDLE,-0.11,-1.7224358228143397,-84.26524841558087,-4.411775022507339,0.4583662361046586,0.2291831180523293,0.2291831180523293,False,0.0
1782241197.7534115,IDLE,-0.11,-1.7224358228143397,-84.26524841558087,-4.411775022507339,0.4583662361046586,0.2291831180523293,0.2291831180523293,False,0.0
1782241197.764462,IDLE,-0.11,-1.7224358228143397,-84.26524841558087,-4.411775022507339,0.4583662361046586,0.2291831180523293,0.2291831180523293,False,0.0
1782241197.7752416,IDLE,-0.11,-1.7224358228143397,-84.26524841558087,-4.411775022507339,0.4583662361046586,0.2291831180523293,0.2291831180523293,False,0.0
1782241197.785915,IDLE,-0.11,-1.811516080715016,-84.54800813263732,-4.411775022507339,0.40107045659157625,0.2864788975654116,0.2864788975654116,False,0.0
1782241197.7961771,IDLE,-0.11,-1.811516080715016,-84.54800813263732,-4.411775022507339,0.40107045659157625,0.2864788975654116,0.2864788975654116,False,0.0
1782241197.8066058,IDLE,-0.11,-1.811516080715016,-84.54800813263732,-4.411775022507339,0.40107045659157625,0.2864788975654116,0.2864788975654116,False,0.0
1782241197.8171968,IDLE,-0.11,-1.811516080715016,-84.54800813263732,-4.411775022507339,0.40107045659157625,0.2864788975654116,0.2864788975654116,False,0.0
1782241197.8278868,IDLE,-0.11,-1.811516080715016,-84.54800813263732,-4.411775022507339,0.40107045659157625,0.2864788975654116,0.2864788975654116,False,0.0
1782241197.838175,IDLE,-0.11,-1.9579840860434266,-84.83989525741998,-4.411775022507339,0.34377467707849396,0.2864788975654116,0.2864788975654116,False,0.0
1782241197.8487644,IDLE,-0.11,-1.9579840860434266,-84.83989525741998,-4.411775022507339,0.34377467707849396,0.2864788975654116,0.2864788975654116,False,0.0
1782241197.8590908,IDLE,-0.11,-1.9579840860434266,-84.83989525741998,-4.411775022507339,0.34377467707849396,0.2864788975654116,0.2864788975654116,False,0.0
1782241197.8696175,IDLE,-0.11,-1.9579840860434266,-84.83989525741998,-4.411775022507339,0.34377467707849396,0.2864788975654116,0.2864788975654116,False,0.0
1782241197.8804107,IDLE,-0.11,-1.9579840860434266,-84.83989525741998,-4.411775022507339,0.34377467707849396,0.2864788975654116,0.2864788975654116,False,0.0
1782241197.8911548,IDLE,-0.11,-1.9579840860434266,-84.83989525741998,-4.411775022507339,0.34377467707849396,0.2864788975654116,0.2864788975654116,False,0.0
1782241197.9018793,IDLE,-0.11,-1.9579840860434266,-84.83989525741998,-4.411775022507339,0.34377467707849396,0.2864788975654116,0.2864788975654116,False,0.0
1782241197.9126244,IDLE,-0.11,-1.9579840860434266,-84.83989525741998,-4.411775022507339,0.34377467707849396,0.2864788975654116,0.2864788975654116,False,0.0
1782241197.9230602,IDLE,-0.11,-1.9579840860434266,-84.83989525741998,-4.411775022507339,0.34377467707849396,0.2864788975654116,0.2864788975654116,False,0.0
1782241197.933904,IDLE,-0.11,-1.9579840860434266,-84.83989525741998,-4.411775022507339,0.34377467707849396,0.2864788975654116,0.2864788975654116,False,0.0
1782241197.944377,IDLE,-0.11,-1.9579840860434266,-84.83989525741998,-4.411775022507339,0.34377467707849396,0.2864788975654116,0.2864788975654116,False,0.0
1782241197.9548352,IDLE,-0.11,-1.9579840860434266,-84.83989525741998,-4.411775022507339,0.34377467707849396,0.2864788975654116,0.2864788975654116,False,0.0
1782241197.9657009,IDLE,-0.11,-1.9579840860434266,-84.83989525741998,-4.411775022507339,0.34377467707849396,0.2864788975654116,0.2864788975654116,False,0.0
1782241197.9767215,IDLE,-0.11,-1.9579840860434266,-84.83989525741998,-4.411775022507339,0.34377467707849396,0.2864788975654116,0.2864788975654116,False,0.0
1782241197.987872,IDLE,-0.11,-1.9579840860434266,-84.83989525741998,-4.411775022507339,0.34377467707849396,0.2864788975654116,0.2864788975654116,False,0.0
1782241197.998629,IDLE,-0.11,-1.9579840860434266,-84.83989525741998,-4.411775022507339,0.34377467707849396,0.2864788975654116,0.2864788975654116,False,0.0
1782241198.0094604,IDLE,-0.11,-1.9579840860434266,-84.83989525741998,-4.411775022507339,0.34377467707849396,0.2864788975654116,0.2864788975654116,False,0.0
1782241198.0214016,IDLE,-0.11,-1.9579840860434266,-84.83989525741998,-4.411775022507339,0.34377467707849396,0.2864788975654116,0.2864788975654116,False,0.0
1782241198.03253,IDLE,-0.11,-1.9579840860434266,-84.83989525741998,-4.411775022507339,0.34377467707849396,0.2864788975654116,0.2864788975654116,False,0.0
1782241198.042996,IDLE,-0.11,-1.9579840860434266,-84.83989525741998,-4.411775022507339,0.34377467707849396,0.2864788975654116,0.2864788975654116,False,0.0
1782241198.0535238,IDLE,-0.11,-1.9579840860434266,-84.83989525741998,-4.411775022507339,0.34377467707849396,0.2864788975654116,0.2864788975654116,False,0.0
1782241198.0641341,IDLE,-0.11,-1.9579840860434266,-84.83989525741998,-4.411775022507339,0.34377467707849396,0.2864788975654116,0.2864788975654116,False,0.0
1782241198.0747905,IDLE,-0.11,-1.9579840860434266,-84.83989525741998,-4.411775022507339,0.34377467707849396,0.2864788975654116,0.2864788975654116,False,0.0
1782241198.0856948,IDLE,-0.11,-1.9579840860434266,-84.83989525741998,-4.411775022507339,0.34377467707849396,0.2864788975654116,0.2864788975654116,False,0.0
1782241198.0972264,IDLE,-0.11,-1.9579840860434266,-84.83989525741998,-4.411775022507339,0.34377467707849396,0.2864788975654116,0.2864788975654116,False,0.0
1782241198.1076987,IDLE,-0.11,-1.9579840860434266,-84.83989525741998,-4.411775022507339,0.34377467707849396,0.2864788975654116,0.2864788975654116,False,0.0
1782241198.1182005,IDLE,-0.11,-1.9579840860434266,-84.83989525741998,-4.411775022507339,0.34377467707849396,0.2864788975654116,0.2864788975654116,False,0.0
1782241198.1290843,IDLE,-0.11,-1.9579840860434266,-84.83989525741998,-4.411775022507339,0.34377467707849396,0.2864788975654116,0.2864788975654116,False,0.0
1782241198.1398013,IDLE,-0.11,-1.9579840860434266,-84.83989525741998,-4.411775022507339,0.34377467707849396,0.2864788975654116,0.2864788975654116,False,0.0
1782241198.1503332,IDLE,-0.11,-1.9579840860434266,-84.83989525741998,-4.411775022507339,0.34377467707849396,0.2864788975654116,0.2864788975654116,False,0.0
1782241198.160977,IDLE,-0.11,-1.9579840860434266,-84.83989525741998,-4.411775022507339,0.34377467707849396,0.2864788975654116,0.2864788975654116,False,0.0
1782241198.1714234,IDLE,-0.11,-1.9579840860434266,-84.83989525741998,-4.411775022507339,0.34377467707849396,0.2864788975654116,0.2864788975654116,False,0.0
1782241198.1819332,IDLE,-0.11,-1.9579840860434266,-84.83989525741998,-4.411775022507339,0.34377467707849396,0.2864788975654116,0.2864788975654116,False,0.0
1782241198.1925144,IDLE,-0.11,-1.9579840860434266,-84.83989525741998,-4.411775022507339,0.34377467707849396,0.2864788975654116,0.2864788975654116,False,0.0
1782241198.2033155,IDLE,-0.11,-1.9579840860434266,-84.83989525741998,-4.411775022507339,0.34377467707849396,0.2864788975654116,0.2864788975654116,False,0.0
1782241198.2137327,IDLE,-0.11,-1.9579840860434266,-84.83989525741998,-4.411775022507339,0.34377467707849396,0.2864788975654116,0.2864788975654116,False,0.0
1782241198.224435,IDLE,-0.11,-1.9579840860434266,-84.83989525741998,-4.411775022507339,0.34377467707849396,0.2864788975654116,0.2864788975654116,False,0.0
1782241198.2352881,IDLE,-0.11,-1.9579840860434266,-84.83989525741998,-4.411775022507339,0.34377467707849396,0.2864788975654116,0.2864788975654116,False,0.0
1782241198.2467837,IDLE,-0.11,-1.9579840860434266,-84.83989525741998,-4.411775022507339,0.34377467707849396,0.2864788975654116,0.2864788975654116,False,0.0
1782241198.2574503,IDLE,-0.11,-1.9579840860434266,-84.83989525741998,-4.411775022507339,0.34377467707849396,0.2864788975654116,0.2864788975654116,False,0.0
1782241198.268129,IDLE,-0.11,-1.9579840860434266,-84.83989525741998,-4.411775022507339,0.34377467707849396,0.2864788975654116,0.2864788975654116,False,0.0
1782241198.27853,IDLE,-0.11,-1.9579840860434266,-84.83989525741998,-4.411775022507339,0.34377467707849396,0.2864788975654116,0.2864788975654116,False,0.0
1782241198.2891343,IDLE,-0.11,-1.9579840860434266,-84.83989525741998,-4.411775022507339,0.34377467707849396,0.2864788975654116,0.2864788975654116,False,0.0
1782241198.2994473,IDLE,-0.11,-1.9579840860434266,-84.83989525741998,-4.411775022507339,0.34377467707849396,0.2864788975654116,0.2864788975654116,False,0.0
1782241198.3098795,IDLE,-0.11,-1.9579840860434266,-84.83989525741998,-4.411775022507339,0.34377467707849396,0.2864788975654116,0.2864788975654116,False,0.0
1782241198.3206182,IDLE,-0.11,-1.9579840860434266,-84.83989525741998,-4.411775022507339,0.34377467707849396,0.2864788975654116,0.2864788975654116,False,0.0
1782241198.3314629,STALE_TELEMETRY,-0.11,0.0,0.0,0.0,0.0,0.0,0.0,False,0.0
1782241198.3419764,STALE_TELEMETRY,-0.11,0.0,0.0,0.0,0.0,0.0,0.0,False,0.0
1782241198.3530738,STALE_TELEMETRY,-0.11,0.0,0.0,0.0,0.0,0.0,0.0,False,0.0
1782241198.364266,STALE_TELEMETRY,-0.11,0.0,0.0,0.0,0.0,0.0,0.0,False,0.0
1782241198.3748503,STALE_TELEMETRY,-0.11,0.0,0.0,0.0,0.0,0.0,0.0,False,0.0
1782241198.3854,STALE_TELEMETRY,-0.11,0.0,0.0,0.0,0.0,0.0,0.0,False,0.0
1782241198.3972204,STALE_TELEMETRY,-0.11,0.0,0.0,0.0,0.0,0.0,0.0,False,0.0
1782241198.4078841,STALE_TELEMETRY,-0.11,0.0,0.0,0.0,0.0,0.0,0.0,False,0.0
1782241198.4183807,STALE_TELEMETRY,-0.11,0.0,0.0,0.0,0.0,0.0,0.0,False,0.0
1782241198.4290717,STALE_TELEMETRY,-0.11,0.0,0.0,0.0,0.0,0.0,0.0,False,0.0
1782241198.4395518,STALE_TELEMETRY,-0.11,0.0,0.0,0.0,0.0,0.0,0.0,False,0.0
1782241198.4500532,STALE_TELEMETRY,-0.11,0.0,0.0,0.0,0.0,0.0,0.0,False,0.0
1782241198.4607115,STALE_TELEMETRY,-0.11,0.0,0.0,0.0,0.0,0.0,0.0,False,0.0
1782241198.4710615,STALE_TELEMETRY,-0.11,0.0,0.0,0.0,0.0,0.0,0.0,False,0.0
1782241198.481738,STALE_TELEMETRY,-0.11,0.0,0.0,0.0,0.0,0.0,0.0,False,0.0
1782241198.492912,STALE_TELEMETRY,-0.11,0.0,0.0,0.0,0.0,0.0,0.0,False,0.0
1782241198.5037591,STALE_TELEMETRY,-0.11,0.0,0.0,0.0,0.0,0.0,0.0,False,0.0
1782241198.5142848,STALE_TELEMETRY,-0.11,0.0,0.0,0.0,0.0,0.0,0.0,False,0.0
1782241198.5246804,STALE_TELEMETRY,-0.11,0.0,0.0,0.0,0.0,0.0,0.0,False,0.0
1782241198.535145,STALE_TELEMETRY,-0.11,0.0,0.0,0.0,0.0,0.0,0.0,False,0.0
1782241198.5461721,STALE_TELEMETRY,-0.11,0.0,0.0,0.0,0.0,0.0,0.0,False,0.0
1782241198.556757,STALE_TELEMETRY,-0.11,0.0,0.0,0.0,0.0,0.0,0.0,False,0.0
1782241198.567521,STALE_TELEMETRY,-0.11,0.0,0.0,0.0,0.0,0.0,0.0,False,0.0
1782241198.578179,STALE_TELEMETRY,-0.11,0.0,0.0,0.0,0.0,0.0,0.0,False,0.0
1782241198.5887673,STALE_TELEMETRY,-0.11,0.0,0.0,0.0,0.0,0.0,0.0,False,0.0
1782241198.5993204,STALE_TELEMETRY,-0.11,0.0,0.0,0.0,0.0,0.0,0.0,False,0.0
1782241198.6100671,STALE_TELEMETRY,-0.11,0.0,0.0,0.0,0.0,0.0,0.0,False,0.0
1782241198.6205084,STALE_TELEMETRY,-0.11,0.0,0.0,0.0,0.0,0.0,0.0,False,0.0
1782241198.6316328,STALE_TELEMETRY,-0.11,0.0,0.0,0.0,0.0,0.0,0.0,False,0.0
1782241198.6422274,STALE_TELEMETRY,-0.11,0.0,0.0,0.0,0.0,0.0,0.0,False,0.0
1782241198.6525347,STALE_TELEMETRY,-0.11,0.0,0.0,0.0,0.0,0.0,0.0,False,0.0
1782241198.6633043,STALE_TELEMETRY,-0.11,0.0,0.0,0.0,0.0,0.0,0.0,False,0.0
1782241198.6737738,STALE_TELEMETRY,-0.11,0.0,0.0,0.0,0.0,0.0,0.0,False,0.0
1782241198.6843927,STALE_TELEMETRY,-0.11,0.0,0.0,0.0,0.0,0.0,0.0,False,0.0
1782241198.6950157,STALE_TELEMETRY,-0.11,0.0,0.0,0.0,0.0,0.0,0.0,False,0.0
1782241198.7058077,STALE_TELEMETRY,-0.11,0.0,0.0,0.0,0.0,0.0,0.0,False,0.0
1782241198.7166061,STALE_TELEMETRY,-0.11,0.0,0.0,0.0,0.0,0.0,0.0,False,0.0
1782241198.727423,STALE_TELEMETRY,-0.11,0.0,0.0,0.0,0.0,0.0,0.0,False,0.0
1782241198.7379634,STALE_TELEMETRY,-0.11,0.0,0.0,0.0,0.0,0.0,0.0,False,0.0
1782241198.748822,STALE_TELEMETRY,-0.11,0.0,0.0,0.0,0.0,0.0,0.0,False,0.0
1782241198.7594042,STALE_TELEMETRY,-0.11,0.0,0.0,0.0,0.0,0.0,0.0,False,0.0
1782241198.770258,STALE_TELEMETRY,-0.11,0.0,0.0,0.0,0.0,0.0,0.0,False,0.0
1782241198.782118,STALE_TELEMETRY,-0.11,0.0,0.0,0.0,0.0,0.0,0.0,False,0.0
1782241198.7931364,STALE_TELEMETRY,-0.11,0.0,0.0,0.0,0.0,0.0,0.0,False,0.0
1782241198.8036742,STALE_TELEMETRY,-0.11,0.0,0.0,0.0,0.0,0.0,0.0,False,0.0
1782241198.8143528,STALE_TELEMETRY,-0.11,0.0,0.0,0.0,0.0,0.0,0.0,False,0.0
1782241198.8252296,STALE_TELEMETRY,-0.11,0.0,0.0,0.0,0.0,0.0,0.0,False,0.0
1782241198.8359332,STALE_TELEMETRY,-0.11,0.0,0.0,0.0,0.0,0.0,0.0,False,0.0
1782241198.8480015,STALE_TELEMETRY,-0.11,0.0,0.0,0.0,0.0,0.0,0.0,False,0.0
1782241198.8585398,STALE_TELEMETRY,-0.11,0.0,0.0,0.0,0.0,0.0,0.0,False,0.0
1782241198.8691087,STALE_TELEMETRY,-0.11,0.0,0.0,0.0,0.0,0.0,0.0,False,0.0
1782241198.8799272,STALE_TELEMETRY,-0.11,0.0,0.0,0.0,0.0,0.0,0.0,False,0.0
1782241198.8903654,STALE_TELEMETRY,-0.11,0.0,0.0,0.0,0.0,0.0,0.0,False,0.0
1782241198.9008875,STALE_TELEMETRY,-0.11,0.0,0.0,0.0,0.0,0.0,0.0,False,0.0
